Record Length,2.500000e+03,,  -0.000002000000, -10.00000,
Sample Interval,4.000000e-08,,  -0.000001960000, -10.00000,
Trigger Point,5.000000000000e+01,,  -0.000001920000,  -9.80000,
,,,  -0.000001880000,  -9.80000,
,,,  -0.000001840000,  -9.80000,
,,,  -0.000001800000,  -2.60000,
Source,CH1,,  -0.000001760000,  -0.60000,
Vertical Units,V,,  -0.000001720000,  -0.20000,
Vertical Scale,5.000000e+00,,  -0.000001680000,   2.20000,
Vertical Offset,-1.020000e+01,,  -0.000001640000,   2.60000,
Horizontal Units,s,,  -0.000001600000,   4.20000,
Horizontal Scale,1.000000e-05,,  -0.000001560000,   2.40000,
Pt Fmt,Y,,  -0.000001520000,   1.20000,
Yzero,0.000000e+00,,  -0.000001480000,   1.60000,
Probe Atten,1.000000e+00,,  -0.000001440000,   1.40000,
Model Number,TBS1102,,  -0.000001400000,   2.00000,
Serial Number,C012397,,  -0.000001360000,   2.60000,
Firmware Version,FV:v26.01,,  -0.000001320000,   3.80000,
,,,-00.000001280000,   4.80000,
,,,-00.000001240000,   4.40000,
,,,-00.000001200000,   6.40000,
,,,-00.000001160000,   6.20000,
,,,-00.000001120000,   6.60000,
,,,-00.000001080000,   6.20000,
,,,-00.000001040000,   6.00000,
,,,-00.000001000000,   5.60000,
,,,-00.000000960000,   5.60000,
,,,-00.000000920000,   6.00000,
,,,-00.000000880000,   6.60000,
,,,-00.000000840000,   7.60000,
,,,-00.000000800000,   8.20000,
,,,-00.000000760000,   8.80000,
,,,-00.000000720000,   9.20000,
,,,-00.000000680000,   9.20000,
,,,-00.000000640000,   9.40000,
,,,-00.000000600000,  10.00000,
,,,-00.000000560000,  10.60000,
,,,-00.000000520000,  11.00000,
,,,-00.000000480000,  11.80000,
,,,-00.000000440000,  12.80000,
,,,-00.000000400000,  13.20000,
,,,-00.000000360000,  13.60000,
,,,-00.000000320000,  14.60000,
,,,-00.000000280000,  15.20000,
,,,-00.000000240000,  15.60000,
,,,-00.000000200000,  16.20000,
,,,-00.000000160000,  16.60000,
,,,-00.000000120000,  17.00000,
,,,-00.000000080000,  16.80000,
,,,-00.000000040000,  17.00000,
,,,-00.000000000000,  17.20000,
,,,00.000000040000,  17.60000,
,,,00.000000080000,  17.80000,
,,,00.000000120000,  18.00000,
,,,00.000000160000,  18.40000,
,,,00.000000200000,  18.20000,
,,,00.000000240000,  18.20000,
,,,00.000000280000,  18.00000,
,,,00.000000320000,  17.80000,
,,,00.000000360000,  17.80000,
,,,00.000000400000,  17.60000,
,,,00.000000440000,  17.60000,
,,,00.000000480000,  17.60000,
,,,00.000000520000,  17.80000,
,,,00.000000560000,  18.20000,
,,,00.000000600000,  17.80000,
,,,00.000000640000,  17.80000,
,,,00.000000680000,  17.80000,
,,,00.000000720000,  17.80000,
,,,00.000000760000,  17.60000,
,,,00.000000800000,  17.40000,
,,,00.000000840000,  17.20000,
,,,00.000000880000,  17.20000,
,,,00.000000920000,  16.80000,
,,,00.000000960000,  16.80000,
,,,00.000001000000,  16.60000,
,,,00.000001040000,  16.40000,
,,,00.000001080000,  16.00000,
,,,00.000001120000,  15.40000,
,,,00.000001160000,  14.80000,
,,,00.000001200000,  14.40000,
,,,00.000001240000,  13.80000,
,,,00.000001280000,  13.60000,
,,,00.000001320000,  13.00000,
,,,00.000001360000,  12.40000,
,,,00.000001400000,  12.00000,
,,,00.000001440000,  11.40000,
,,,00.000001480000,  10.80000,
,,,00.000001520000,  10.20000,
,,,00.000001560000,   9.80000,
,,,00.000001600000,   9.40000,
,,,00.000001640000,   9.00000,
,,,00.000001680000,   8.60000,
,,,00.000001720000,   8.00000,
,,,00.000001760000,   7.80000,
,,,00.000001800000,   7.40000,
,,,00.000001840000,   7.20000,
,,,00.000001880000,   6.80000,
,,,00.000001920000,   6.60000,
,,,00.000001960000,   6.20000,
,,,00.000002000000,   6.20000,
,,,00.000002040000,   5.80000,
,,,00.000002080000,   5.20000,
,,,00.000002120000,   5.00000,
,,,00.000002160000,   5.00000,
,,,00.000002200000,   4.60000,
,,,00.000002240000,   4.20000,
,,,00.000002280000,   4.00000,
,,,00.000002320000,   3.80000,
,,,00.000002360000,   3.40000,
,,,00.000002400000,   3.20000,
,,,00.000002440000,   3.00000,
,,,00.000002480000,   2.80000,
,,,00.000002520000,   2.60000,
,,,00.000002560000,   2.40000,
,,,00.000002600000,   2.40000,
,,,00.000002640000,   2.40000,
,,,00.000002680000,   2.20000,
,,,00.000002720000,   2.00000,
,,,00.000002760000,   2.00000,
,,,00.000002800000,   2.00000,
,,,00.000002840000,   2.40000,
,,,00.000002880000,   2.60000,
,,,00.000002920000,   2.60000,
,,,00.000002960000,   3.00000,
,,,00.000003000000,   3.20000,
,,,00.000003040000,   3.20000,
,,,00.000003080000,   3.40000,
,,,00.000003120000,   3.80000,
,,,00.000003160000,   4.00000,
,,,00.000003200000,   4.20000,
,,,00.000003240000,   4.80000,
,,,00.000003280000,   5.00000,
,,,00.000003320000,   5.00000,
,,,00.000003360000,   5.60000,
,,,00.000003400000,   6.00000,
,,,00.000003440000,   6.20000,
,,,00.000003480000,   6.60000,
,,,00.000003520000,   7.00000,
,,,00.000003560000,   7.40000,
,,,00.000003600000,   7.60000,
,,,00.000003640000,   7.80000,
,,,00.000003680000,   8.20000,
,,,00.000003720000,   8.60000,
,,,00.000003760000,   8.80000,
,,,00.000003800000,   9.40000,
,,,00.000003840000,   9.60000,
,,,00.000003880000,  10.20000,
,,,00.000003920000,  10.40000,
,,,00.000003960000,  11.00000,
,,,00.000004000000,  11.40000,
,,,00.000004040000,  11.60000,
,,,00.000004080000,  12.00000,
,,,00.000004120000,  12.80000,
,,,00.000004160000,  13.20000,
,,,00.000004200000,  13.60000,
,,,00.000004240000,  14.20000,
,,,00.000004280000,  14.40000,
,,,00.000004320000,  14.60000,
,,,00.000004360000,  14.80000,
,,,00.000004400000,  15.20000,
,,,00.000004440000,  15.40000,
,,,00.000004480000,  15.60000,
,,,00.000004520000,  16.20000,
,,,00.000004560000,  16.20000,
,,,00.000004600000,  16.20000,
,,,00.000004640000,  16.60000,
,,,00.000004680000,  16.40000,
,,,00.000004720000,  16.60000,
,,,00.000004760000,  16.80000,
,,,00.000004800000,  16.60000,
,,,00.000004840000,  16.80000,
,,,00.000004880000,  16.80000,
,,,00.000004920000,  16.60000,
,,,00.000004960000,  16.80000,
,,,00.000005000000,  16.80000,
,,,00.000005040000,  16.80000,
,,,00.000005080000,  16.80000,
,,,00.000005120000,  16.60000,
,,,00.000005160000,  16.60000,
,,,00.000005200000,  16.60000,
,,,00.000005240000,  16.40000,
,,,00.000005280000,  16.20000,
,,,00.000005320000,  16.20000,
,,,00.000005360000,  16.00000,
,,,00.000005400000,  15.80000,
,,,00.000005440000,  15.80000,
,,,00.000005480000,  15.20000,
,,,00.000005520000,  15.00000,
,,,00.000005560000,  14.80000,
,,,00.000005600000,  14.60000,
,,,00.000005640000,  14.40000,
,,,00.000005680000,  14.20000,
,,,00.000005720000,  13.60000,
,,,00.000005760000,  13.20000,
,,,00.000005800000,  13.00000,
,,,00.000005840000,  12.60000,
,,,00.000005880000,  12.40000,
,,,00.000005920000,  11.80000,
,,,00.000005960000,  11.20000,
,,,00.000006000000,  11.20000,
,,,00.000006040000,  11.00000,
,,,00.000006080000,  10.60000,
,,,00.000006120000,   9.80000,
,,,00.000006160000,   9.40000,
,,,00.000006200000,   9.40000,
,,,00.000006240000,   8.80000,
,,,00.000006280000,   8.60000,
,,,00.000006320000,   8.20000,
,,,00.000006360000,   8.00000,
,,,00.000006400000,   7.60000,
,,,00.000006440000,   7.20000,
,,,00.000006480000,   7.00000,
,,,00.000006520000,   6.60000,
,,,00.000006560000,   6.40000,
,,,00.000006600000,   6.00000,
,,,00.000006640000,   5.80000,
,,,00.000006680000,   5.80000,
,,,00.000006720000,   5.20000,
,,,00.000006760000,   5.20000,
,,,00.000006800000,   5.00000,
,,,00.000006840000,   4.80000,
,,,00.000006880000,   4.60000,
,,,00.000006920000,   4.40000,
,,,00.000006960000,   4.20000,
,,,00.000007000000,   4.20000,
,,,00.000007040000,   4.00000,
,,,00.000007080000,   3.80000,
,,,00.000007120000,   3.80000,
,,,00.000007160000,   3.80000,
,,,00.000007200000,   3.60000,
,,,00.000007240000,   3.60000,
,,,00.000007280000,   3.80000,
,,,00.000007320000,   3.80000,
,,,00.000007360000,   3.80000,
,,,00.000007400000,   3.80000,
,,,00.000007440000,   4.00000,
,,,00.000007480000,   4.00000,
,,,00.000007520000,   4.00000,
,,,00.000007560000,   4.40000,
,,,00.000007600000,   4.60000,
,,,00.000007640000,   4.80000,
,,,00.000007680000,   5.00000,
,,,00.000007720000,   5.40000,
,,,00.000007760000,   5.40000,
,,,00.000007800000,   6.00000,
,,,00.000007840000,   6.20000,
,,,00.000007880000,   6.20000,
,,,00.000007920000,   6.60000,
,,,00.000007960000,   7.00000,
,,,00.000008000000,   7.20000,
,,,00.000008040000,   7.20000,
,,,00.000008080000,   7.80000,
,,,00.000008120000,   8.00000,
,,,00.000008160000,   8.20000,
,,,00.000008200000,   8.80000,
,,,00.000008240000,   9.00000,
,,,00.000008280000,   9.20000,
,,,00.000008320000,   9.80000,
,,,00.000008360000,  10.00000,
,,,00.000008400000,  10.00000,
,,,00.000008440000,  10.40000,
,,,00.000008480000,  11.00000,
,,,00.000008520000,  11.40000,
,,,00.000008560000,  11.60000,
,,,00.000008600000,  12.00000,
,,,00.000008640000,  12.00000,
,,,00.000008680000,  12.40000,
,,,00.000008720000,  12.80000,
,,,00.000008760000,  13.20000,
,,,00.000008800000,  13.40000,
,,,00.000008840000,  13.80000,
,,,00.000008880000,  13.80000,
,,,00.000008920000,  14.20000,
,,,00.000008960000,  14.20000,
,,,00.000009000000,  14.60000,
,,,00.000009040000,  15.00000,
,,,00.000009080000,  14.80000,
,,,00.000009120000,  15.20000,
,,,00.000009160000,  15.40000,
,,,00.000009200000,  15.20000,
,,,00.000009240000,  15.80000,
,,,00.000009280000,  15.80000,
,,,00.000009320000,  15.80000,
,,,00.000009360000,  15.60000,
,,,00.000009400000,  15.80000,
,,,00.000009440000,  15.60000,
,,,00.000009480000,  15.60000,
,,,00.000009520000,  15.80000,
,,,00.000009560000,  16.00000,
,,,00.000009600000,  15.80000,
,,,00.000009640000,  15.60000,
,,,00.000009680000,  15.40000,
,,,00.000009720000,  15.60000,
,,,00.000009760000,  15.60000,
,,,00.000009800000,  15.40000,
,,,00.000009840000,  15.20000,
,,,00.000009880000,  15.20000,
,,,00.000009920000,  14.80000,
,,,00.000009960000,  14.60000,
,,,00.000010000000,  14.80000,
,,,00.000010040000,  14.20000,
,,,00.000010080000,  14.20000,
,,,00.000010120000,  14.00000,
,,,00.000010160000,  13.80000,
,,,00.000010200000,  13.20000,
,,,00.000010240000,  12.80000,
,,,00.000010280000,  12.80000,
,,,00.000010320000,  12.60000,
,,,00.000010360000,  12.20000,
,,,00.000010400000,  12.00000,
,,,00.000010440000,  11.60000,
,,,00.000010480000,  11.40000,
,,,00.000010520000,  11.00000,
,,,00.000010560000,  10.80000,
,,,00.000010600000,  10.60000,
,,,00.000010640000,  10.20000,
,,,00.000010680000,  10.00000,
,,,00.000010720000,   9.60000,
,,,00.000010760000,   9.20000,
,,,00.000010800000,   8.80000,
,,,00.000010840000,   8.60000,
,,,00.000010880000,   8.40000,
,,,00.000010920000,   8.00000,
,,,00.000010960000,   7.80000,
,,,00.000011000000,   7.40000,
,,,00.000011040000,   7.20000,
,,,00.000011080000,   7.00000,
,,,00.000011120000,   6.60000,
,,,00.000011160000,   6.60000,
,,,00.000011200000,   6.40000,
,,,00.000011240000,   6.20000,
,,,00.000011280000,   6.20000,
,,,00.000011320000,   5.80000,
,,,00.000011360000,   5.60000,
,,,00.000011400000,   5.40000,
,,,00.000011440000,   5.60000,
,,,00.000011480000,   5.20000,
,,,00.000011520000,   5.20000,
,,,00.000011560000,   5.00000,
,,,00.000011600000,   5.00000,
,,,00.000011640000,   4.80000,
,,,00.000011680000,   4.80000,
,,,00.000011720000,   4.80000,
,,,00.000011760000,   5.00000,
,,,00.000011800000,   4.80000,
,,,00.000011840000,   4.80000,
,,,00.000011880000,   5.00000,
,,,00.000011920000,   5.20000,
,,,00.000011960000,   5.00000,
,,,00.000012000000,   5.20000,
,,,00.000012040000,   5.20000,
,,,00.000012080000,   5.20000,
,,,00.000012120000,   5.60000,
,,,00.000012160000,   5.80000,
,,,00.000012200000,   5.80000,
,,,00.000012240000,   6.20000,
,,,00.000012280000,   6.20000,
,,,00.000012320000,   6.60000,
,,,00.000012360000,   6.80000,
,,,00.000012400000,   6.80000,
,,,00.000012440000,   7.00000,
,,,00.000012480000,   7.40000,
,,,00.000012520000,   7.60000,
,,,00.000012560000,   7.80000,
,,,00.000012600000,   8.00000,
,,,00.000012640000,   8.20000,
,,,00.000012680000,   8.40000,
,,,00.000012720000,   8.60000,
,,,00.000012760000,   9.20000,
,,,00.000012800000,   9.40000,
,,,00.000012840000,   9.60000,
,,,00.000012880000,  10.00000,
,,,00.000012920000,  10.20000,
,,,00.000012960000,  10.60000,
,,,00.000013000000,  10.80000,
,,,00.000013040000,  11.00000,
,,,00.000013080000,  11.40000,
,,,00.000013120000,  11.40000,
,,,00.000013160000,  11.80000,
,,,00.000013200000,  11.80000,
,,,00.000013240000,  12.40000,
,,,00.000013280000,  12.60000,
,,,00.000013320000,  12.80000,
,,,00.000013360000,  12.80000,
,,,00.000013400000,  13.00000,
,,,00.000013440000,  13.40000,
,,,00.000013480000,  13.60000,
,,,00.000013520000,  13.80000,
,,,00.000013560000,  14.00000,
,,,00.000013600000,  14.00000,
,,,00.000013640000,  14.20000,
,,,00.000013680000,  14.20000,
,,,00.000013720000,  14.40000,
,,,00.000013760000,  14.60000,
,,,00.000013800000,  14.80000,
,,,00.000013840000,  14.80000,
,,,00.000013880000,  14.80000,
,,,00.000013920000,  15.00000,
,,,00.000013960000,  14.80000,
,,,00.000014000000,  14.80000,
,,,00.000014040000,  14.80000,
,,,00.000014080000,  15.00000,
,,,00.000014120000,  14.80000,
,,,00.000014160000,  14.80000,
,,,00.000014200000,  14.60000,
,,,00.000014240000,  14.60000,
,,,00.000014280000,  14.40000,
,,,00.000014320000,  14.60000,
,,,00.000014360000,  14.60000,
,,,00.000014400000,  14.20000,
,,,00.000014440000,  14.00000,
,,,00.000014480000,  13.80000,
,,,00.000014520000,  13.60000,
,,,00.000014560000,  13.60000,
,,,00.000014600000,  13.40000,
,,,00.000014640000,  13.20000,
,,,00.000014680000,  13.00000,
,,,00.000014720000,  12.60000,
,,,00.000014760000,  12.60000,
,,,00.000014800000,  12.40000,
,,,00.000014840000,  12.40000,
,,,00.000014880000,  12.00000,
,,,00.000014920000,  11.40000,
,,,00.000014960000,  11.20000,
,,,00.000015000000,  11.20000,
,,,00.000015040000,  10.80000,
,,,00.000015080000,  10.60000,
,,,00.000015120000,  10.40000,
,,,00.000015160000,  10.20000,
,,,00.000015200000,   9.80000,
,,,00.000015240000,   9.80000,
,,,00.000015280000,   9.40000,
,,,00.000015320000,   9.00000,
,,,00.000015360000,   9.00000,
,,,00.000015400000,   8.80000,
,,,00.000015440000,   8.40000,
,,,00.000015480000,   8.20000,
,,,00.000015520000,   8.20000,
,,,00.000015560000,   7.80000,
,,,00.000015600000,   7.40000,
,,,00.000015640000,   7.40000,
,,,00.000015680000,   7.20000,
,,,00.000015720000,   7.00000,
,,,00.000015760000,   6.60000,
,,,00.000015800000,   6.60000,
,,,00.000015840000,   6.80000,
,,,00.000015880000,   6.60000,
,,,00.000015920000,   6.20000,
,,,00.000015960000,   6.20000,
,,,00.000016000000,   6.00000,
,,,00.000016040000,   6.20000,
,,,00.000016080000,   5.80000,
,,,00.000016120000,   6.00000,
,,,00.000016160000,   6.00000,
,,,00.000016200000,   6.00000,
,,,00.000016240000,   5.80000,
,,,00.000016280000,   5.80000,
,,,00.000016320000,   5.60000,
,,,00.000016360000,   5.80000,
,,,00.000016400000,   6.00000,
,,,00.000016440000,   5.80000,
,,,00.000016480000,   5.80000,
,,,00.000016520000,   6.20000,
,,,00.000016560000,   6.20000,
,,,00.000016600000,   6.40000,
,,,00.000016640000,   6.20000,
,,,00.000016680000,   6.20000,
,,,00.000016720000,   6.40000,
,,,00.000016760000,   6.40000,
,,,00.000016800000,   6.80000,
,,,00.000016840000,   7.00000,
,,,00.000016880000,   7.20000,
,,,00.000016920000,   7.40000,
,,,00.000016960000,   7.60000,
,,,00.000017000000,   7.80000,
,,,00.000017040000,   7.80000,
,,,00.000017080000,   8.20000,
,,,00.000017120000,   8.20000,
,,,00.000017160000,   8.60000,
,,,00.000017200000,   8.60000,
,,,00.000017240000,   9.20000,
,,,00.000017280000,   9.20000,
,,,00.000017320000,   9.40000,
,,,00.000017360000,   9.60000,
,,,00.000017400000,   9.80000,
,,,00.000017440000,  10.20000,
,,,00.000017480000,  10.40000,
,,,00.000017520000,  10.60000,
,,,00.000017560000,  10.80000,
,,,00.000017600000,  11.00000,
,,,00.000017640000,  11.00000,
,,,00.000017680000,  11.60000,
,,,00.000017720000,  11.60000,
,,,00.000017760000,  12.00000,
,,,00.000017800000,  12.00000,
,,,00.000017840000,  12.00000,
,,,00.000017880000,  12.40000,
,,,00.000017920000,  12.60000,
,,,00.000017960000,  12.60000,
,,,00.000018000000,  13.20000,
,,,00.000018040000,  13.20000,
,,,00.000018080000,  13.40000,
,,,00.000018120000,  13.40000,
,,,00.000018160000,  13.60000,
,,,00.000018200000,  13.80000,
,,,00.000018240000,  13.60000,
,,,00.000018280000,  13.80000,
,,,00.000018320000,  14.00000,
,,,00.000018360000,  13.80000,
,,,00.000018400000,  13.80000,
,,,00.000018440000,  13.80000,
,,,00.000018480000,  14.00000,
,,,00.000018520000,  14.00000,
,,,00.000018560000,  14.20000,
,,,00.000018600000,  14.00000,
,,,00.000018640000,  14.20000,
,,,00.000018680000,  13.80000,
,,,00.000018720000,  14.00000,
,,,00.000018760000,  13.80000,
,,,00.000018800000,  13.80000,
,,,00.000018840000,  14.00000,
,,,00.000018880000,  13.60000,
,,,00.000018920000,  13.40000,
,,,00.000018960000,  13.40000,
,,,00.000019000000,  13.00000,
,,,00.000019040000,  13.20000,
,,,00.000019080000,  12.80000,
,,,00.000019120000,  12.80000,
,,,00.000019160000,  12.60000,
,,,00.000019200000,  12.40000,
,,,00.000019240000,  12.40000,
,,,00.000019280000,  12.20000,
,,,00.000019320000,  12.00000,
,,,00.000019360000,  11.60000,
,,,00.000019400000,  11.80000,
,,,00.000019440000,  11.40000,
,,,00.000019480000,  11.20000,
,,,00.000019520000,  11.20000,
,,,00.000019560000,  10.80000,
,,,00.000019600000,  10.60000,
,,,00.000019640000,  10.40000,
,,,00.000019680000,  10.20000,
,,,00.000019720000,   9.80000,
,,,00.000019760000,   9.60000,
,,,00.000019800000,   9.60000,
,,,00.000019840000,   9.40000,
,,,00.000019880000,   9.20000,
,,,00.000019920000,   9.00000,
,,,00.000019960000,   8.80000,
,,,00.000020000000,   8.60000,
,,,00.000020040000,   8.40000,
,,,00.000020080000,   8.40000,
,,,00.000020120000,   8.20000,
,,,00.000020160000,   7.80000,
,,,00.000020200000,   7.60000,
,,,00.000020240000,   7.80000,
,,,00.000020280000,   7.60000,
,,,00.000020320000,   7.20000,
,,,00.000020360000,   7.40000,
,,,00.000020400000,   7.00000,
,,,00.000020440000,   7.20000,
,,,00.000020480000,   7.00000,
,,,00.000020520000,   6.80000,
,,,00.000020560000,   6.80000,
,,,00.000020600000,   6.80000,
,,,00.000020640000,   6.60000,
,,,00.000020680000,   6.80000,
,,,00.000020720000,   6.60000,
,,,00.000020760000,   6.60000,
,,,00.000020800000,   6.60000,
,,,00.000020840000,   6.60000,
,,,00.000020880000,   6.60000,
,,,00.000020920000,   6.60000,
,,,00.000020960000,   6.60000,
,,,00.000021000000,   6.60000,
,,,00.000021040000,   6.80000,
,,,00.000021080000,   7.00000,
,,,00.000021120000,   6.80000,
,,,00.000021160000,   7.00000,
,,,00.000021200000,   7.20000,
,,,00.000021240000,   7.20000,
,,,00.000021280000,   7.00000,
,,,00.000021320000,   7.20000,
,,,00.000021360000,   7.40000,
,,,00.000021400000,   7.80000,
,,,00.000021440000,   7.80000,
,,,00.000021480000,   8.00000,
,,,00.000021520000,   8.20000,
,,,00.000021560000,   8.20000,
,,,00.000021600000,   8.20000,
,,,00.000021640000,   8.80000,
,,,00.000021680000,   9.00000,
,,,00.000021720000,   9.00000,
,,,00.000021760000,   9.20000,
,,,00.000021800000,   9.40000,
,,,00.000021840000,   9.60000,
,,,00.000021880000,  10.00000,
,,,00.000021920000,  10.20000,
,,,00.000021960000,  10.20000,
,,,00.000022000000,  10.40000,
,,,00.000022040000,  10.40000,
,,,00.000022080000,  10.60000,
,,,00.000022120000,  10.80000,
,,,00.000022160000,  11.00000,
,,,00.000022200000,  11.40000,
,,,00.000022240000,  11.20000,
,,,00.000022280000,  11.60000,
,,,00.000022320000,  11.60000,
,,,00.000022360000,  12.00000,
,,,00.000022400000,  12.00000,
,,,00.000022440000,  12.20000,
,,,00.000022480000,  12.40000,
,,,00.000022520000,  12.40000,
,,,00.000022560000,  12.40000,
,,,00.000022600000,  13.00000,
,,,00.000022640000,  12.80000,
,,,00.000022680000,  12.80000,
,,,00.000022720000,  13.00000,
,,,00.000022760000,  13.00000,
,,,00.000022800000,  13.40000,
,,,00.000022840000,  13.20000,
,,,00.000022880000,  13.20000,
,,,00.000022920000,  13.20000,
,,,00.000022960000,  13.20000,
,,,00.000023000000,  13.20000,
,,,00.000023040000,  13.40000,
,,,00.000023080000,  13.40000,
,,,00.000023120000,  13.40000,
,,,00.000023160000,  13.40000,
,,,00.000023200000,  13.40000,
,,,00.000023240000,  13.00000,
,,,00.000023280000,  13.40000,
,,,00.000023320000,  13.20000,
,,,00.000023360000,  13.20000,
,,,00.000023400000,  13.00000,
,,,00.000023440000,  13.00000,
,,,00.000023480000,  12.80000,
,,,00.000023520000,  12.80000,
,,,00.000023560000,  12.80000,
,,,00.000023600000,  12.60000,
,,,00.000023640000,  12.40000,
,,,00.000023680000,  12.20000,
,,,00.000023720000,  12.20000,
,,,00.000023760000,  12.00000,
,,,00.000023800000,  12.00000,
,,,00.000023840000,  11.60000,
,,,00.000023880000,  11.60000,
,,,00.000023920000,  11.40000,
,,,00.000023960000,  11.00000,
,,,00.000024000000,  11.00000,
,,,00.000024040000,  10.80000,
,,,00.000024080000,  11.00000,
,,,00.000024120000,  10.60000,
,,,00.000024160000,  10.40000,
,,,00.000024200000,  10.20000,
,,,00.000024240000,   9.80000,
,,,00.000024280000,   9.80000,
,,,00.000024320000,   9.80000,
,,,00.000024360000,   9.40000,
,,,00.000024400000,   9.40000,
,,,00.000024440000,   9.20000,
,,,00.000024480000,   9.00000,
,,,00.000024520000,   9.00000,
,,,00.000024560000,   8.60000,
,,,00.000024600000,   8.40000,
,,,00.000024640000,   8.80000,
,,,00.000024680000,   8.40000,
,,,00.000024720000,   8.20000,
,,,00.000024760000,   7.80000,
,,,00.000024800000,   8.00000,
,,,00.000024840000,   8.00000,
,,,00.000024880000,   8.00000,
,,,00.000024920000,   7.60000,
,,,00.000024960000,   7.60000,
,,,00.000025000000,   7.40000,
,,,00.000025040000,   7.40000,
,,,00.000025080000,   7.20000,
,,,00.000025120000,   7.40000,
,,,00.000025160000,   7.00000,
,,,00.000025200000,   7.00000,
,,,00.000025240000,   7.00000,
,,,00.000025280000,   7.20000,
,,,00.000025320000,   7.20000,
,,,00.000025360000,   7.20000,
,,,00.000025400000,   7.20000,
,,,00.000025440000,   7.20000,
,,,00.000025480000,   7.40000,
,,,00.000025520000,   7.20000,
,,,00.000025560000,   7.20000,
,,,00.000025600000,   7.40000,
,,,00.000025640000,   7.60000,
,,,00.000025680000,   7.60000,
,,,00.000025720000,   7.60000,
,,,00.000025760000,   7.60000,
,,,00.000025800000,   7.60000,
,,,00.000025840000,   8.00000,
,,,00.000025880000,   8.20000,
,,,00.000025920000,   8.20000,
,,,00.000025960000,   8.40000,
,,,00.000026000000,   8.40000,
,,,00.000026040000,   8.60000,
,,,00.000026080000,   8.60000,
,,,00.000026120000,   8.80000,
,,,00.000026160000,   9.00000,
,,,00.000026200000,   9.00000,
,,,00.000026240000,   9.20000,
,,,00.000026280000,   9.20000,
,,,00.000026320000,   9.60000,
,,,00.000026360000,   9.60000,
,,,00.000026400000,   9.80000,
,,,00.000026440000,  10.20000,
,,,00.000026480000,  10.20000,
,,,00.000026520000,  10.20000,
,,,00.000026560000,  10.60000,
,,,00.000026600000,  10.60000,
,,,00.000026640000,  10.60000,
,,,00.000026680000,  10.80000,
,,,00.000026720000,  10.80000,
,,,00.000026760000,  11.00000,
,,,00.000026800000,  11.00000,
,,,00.000026840000,  11.40000,
,,,00.000026880000,  11.40000,
,,,00.000026920000,  11.60000,
,,,00.000026960000,  11.80000,
,,,00.000027000000,  11.80000,
,,,00.000027040000,  11.80000,
,,,00.000027080000,  12.00000,
,,,00.000027120000,  12.00000,
,,,00.000027160000,  12.20000,
,,,00.000027200000,  12.20000,
,,,00.000027240000,  12.60000,
,,,00.000027280000,  12.60000,
,,,00.000027320000,  12.60000,
,,,00.000027360000,  12.60000,
,,,00.000027400000,  12.60000,
,,,00.000027440000,  12.60000,
,,,00.000027480000,  12.80000,
,,,00.000027520000,  12.80000,
,,,00.000027560000,  12.80000,
,,,00.000027600000,  13.00000,
,,,00.000027640000,  12.60000,
,,,00.000027680000,  12.80000,
,,,00.000027720000,  12.80000,
,,,00.000027760000,  12.80000,
,,,00.000027800000,  12.60000,
,,,00.000027840000,  12.60000,
,,,00.000027880000,  12.60000,
,,,00.000027920000,  12.60000,
,,,00.000027960000,  12.40000,
,,,00.000028000000,  12.40000,
,,,00.000028040000,  12.40000,
,,,00.000028080000,  12.40000,
,,,00.000028120000,  12.20000,
,,,00.000028160000,  12.00000,
,,,00.000028200000,  11.80000,
,,,00.000028240000,  11.80000,
,,,00.000028280000,  11.80000,
,,,00.000028320000,  11.40000,
,,,00.000028360000,  11.40000,
,,,00.000028400000,  11.20000,
,,,00.000028440000,  11.20000,
,,,00.000028480000,  11.00000,
,,,00.000028520000,  11.00000,
,,,00.000028560000,  10.80000,
,,,00.000028600000,  10.80000,
,,,00.000028640000,  10.40000,
,,,00.000028680000,  10.40000,
,,,00.000028720000,  10.20000,
,,,00.000028760000,  10.20000,
,,,00.000028800000,  10.00000,
,,,00.000028840000,   9.80000,
,,,00.000028880000,   9.60000,
,,,00.000028920000,   9.40000,
,,,00.000028960000,   9.40000,
,,,00.000029000000,   9.20000,
,,,00.000029040000,   9.00000,
,,,00.000029080000,   9.20000,
,,,00.000029120000,   8.80000,
,,,00.000029160000,   8.60000,
,,,00.000029200000,   8.80000,
,,,00.000029240000,   8.40000,
,,,00.000029280000,   8.20000,
,,,00.000029320000,   8.20000,
,,,00.000029360000,   8.40000,
,,,00.000029400000,   8.20000,
,,,00.000029440000,   8.00000,
,,,00.000029480000,   8.00000,
,,,00.000029520000,   8.00000,
,,,00.000029560000,   8.00000,
,,,00.000029600000,   7.80000,
,,,00.000029640000,   7.80000,
,,,00.000029680000,   8.00000,
,,,00.000029720000,   7.60000,
,,,00.000029760000,   7.80000,
,,,00.000029800000,   7.80000,
,,,00.000029840000,   7.80000,
,,,00.000029880000,   7.80000,
,,,00.000029920000,   7.60000,
,,,00.000029960000,   7.60000,
,,,00.000030000000,   7.60000,
,,,00.000030040000,   7.80000,
,,,00.000030080000,   7.80000,
,,,00.000030120000,   7.80000,
,,,00.000030160000,   7.60000,
,,,00.000030200000,   8.20000,
,,,00.000030240000,   8.00000,
,,,00.000030280000,   8.20000,
,,,00.000030320000,   8.20000,
,,,00.000030360000,   8.40000,
,,,00.000030400000,   8.40000,
,,,00.000030440000,   8.60000,
,,,00.000030480000,   8.40000,
,,,00.000030520000,   8.60000,
,,,00.000030560000,   8.60000,
,,,00.000030600000,   8.80000,
,,,00.000030640000,   9.00000,
,,,00.000030680000,   9.20000,
,,,00.000030720000,   9.20000,
,,,00.000030760000,   9.20000,
,,,00.000030800000,   9.40000,
,,,00.000030840000,   9.60000,
,,,00.000030880000,   9.80000,
,,,00.000030920000,  10.00000,
,,,00.000030960000,  10.00000,
,,,00.000031000000,  10.00000,
,,,00.000031040000,  10.20000,
,,,00.000031080000,  10.20000,
,,,00.000031120000,  10.40000,
,,,00.000031160000,  10.60000,
,,,00.000031200000,  10.60000,
,,,00.000031240000,  11.00000,
,,,00.000031280000,  11.00000,
,,,00.000031320000,  11.20000,
,,,00.000031360000,  11.20000,
,,,00.000031400000,  11.20000,
,,,00.000031440000,  11.20000,
,,,00.000031480000,  11.40000,
,,,00.000031520000,  11.40000,
,,,00.000031560000,  11.60000,
,,,00.000031600000,  11.60000,
,,,00.000031640000,  11.80000,
,,,00.000031680000,  12.00000,
,,,00.000031720000,  12.20000,
,,,00.000031760000,  12.00000,
,,,00.000031800000,  12.00000,
,,,00.000031840000,  12.20000,
,,,00.000031880000,  12.20000,
,,,00.000031920000,  12.40000,
,,,00.000031960000,  12.20000,
,,,00.000032000000,  12.20000,
,,,00.000032040000,  12.60000,
,,,00.000032080000,  12.20000,
,,,00.000032120000,  12.40000,
,,,00.000032160000,  12.20000,
,,,00.000032200000,  12.20000,
,,,00.000032240000,  12.40000,
,,,00.000032280000,  12.20000,
,,,00.000032320000,  12.20000,
,,,00.000032360000,  12.00000,
,,,00.000032400000,  12.20000,
,,,00.000032440000,  12.20000,
,,,00.000032480000,  12.00000,
,,,00.000032520000,  12.00000,
,,,00.000032560000,  12.20000,
,,,00.000032600000,  11.80000,
,,,00.000032640000,  11.80000,
,,,00.000032680000,  11.60000,
,,,00.000032720000,  11.60000,
,,,00.000032760000,  11.60000,
,,,00.000032800000,  11.40000,
,,,00.000032840000,  11.20000,
,,,00.000032880000,  11.20000,
,,,00.000032920000,  10.80000,
,,,00.000032960000,  11.00000,
,,,00.000033000000,  11.00000,
,,,00.000033040000,  10.80000,
,,,00.000033080000,  10.60000,
,,,00.000033120000,  10.60000,
,,,00.000033160000,  10.40000,
,,,00.000033200000,  10.20000,
,,,00.000033240000,  10.00000,
,,,00.000033280000,  10.20000,
,,,00.000033320000,  10.00000,
,,,00.000033360000,  10.00000,
,,,00.000033400000,   9.80000,
,,,00.000033440000,   9.60000,
,,,00.000033480000,   9.60000,
,,,00.000033520000,   9.40000,
,,,00.000033560000,   9.20000,
,,,00.000033600000,   9.40000,
,,,00.000033640000,   9.20000,
,,,00.000033680000,   9.00000,
,,,00.000033720000,   9.00000,
,,,00.000033760000,   9.00000,
,,,00.000033800000,   8.60000,
,,,00.000033840000,   8.80000,
,,,00.000033880000,   8.60000,
,,,00.000033920000,   8.80000,
,,,00.000033960000,   8.20000,
,,,00.000034000000,   8.40000,
,,,00.000034040000,   8.20000,
,,,00.000034080000,   8.20000,
,,,00.000034120000,   8.00000,
,,,00.000034160000,   8.00000,
,,,00.000034200000,   8.00000,
,,,00.000034240000,   8.20000,
,,,00.000034280000,   8.00000,
,,,00.000034320000,   8.20000,
,,,00.000034360000,   8.00000,
,,,00.000034400000,   8.20000,
,,,00.000034440000,   7.80000,
,,,00.000034480000,   8.20000,
,,,00.000034520000,   8.20000,
,,,00.000034560000,   8.00000,
,,,00.000034600000,   8.20000,
,,,00.000034640000,   8.40000,
,,,00.000034680000,   8.40000,
,,,00.000034720000,   8.20000,
,,,00.000034760000,   8.40000,
,,,00.000034800000,   8.60000,
,,,00.000034840000,   8.40000,
,,,00.000034880000,   8.40000,
,,,00.000034920000,   8.60000,
,,,00.000034960000,   8.80000,
,,,00.000035000000,   8.80000,
,,,00.000035040000,   9.00000,
,,,00.000035080000,   9.00000,
,,,00.000035120000,   9.00000,
,,,00.000035160000,   9.00000,
,,,00.000035200000,   9.20000,
,,,00.000035240000,   9.20000,
,,,00.000035280000,   9.00000,
,,,00.000035320000,   9.40000,
,,,00.000035360000,   9.60000,
,,,00.000035400000,   9.80000,
,,,00.000035440000,   9.80000,
,,,00.000035480000,  10.00000,
,,,00.000035520000,  10.00000,
,,,00.000035560000,  10.40000,
,,,00.000035600000,  10.20000,
,,,00.000035640000,  10.60000,
,,,00.000035680000,  10.60000,
,,,00.000035720000,  10.60000,
,,,00.000035760000,  10.80000,
,,,00.000035800000,  10.80000,
,,,00.000035840000,  11.00000,
,,,00.000035880000,  11.00000,
,,,00.000035920000,  11.20000,
,,,00.000035960000,  11.20000,
,,,00.000036000000,  11.40000,
,,,00.000036040000,  11.20000,
,,,00.000036080000,  11.20000,
,,,00.000036120000,  11.40000,
,,,00.000036160000,  11.40000,
,,,00.000036200000,  11.80000,
,,,00.000036240000,  11.60000,
,,,00.000036280000,  11.80000,
,,,00.000036320000,  12.00000,
,,,00.000036360000,  11.80000,
,,,00.000036400000,  12.00000,
,,,00.000036440000,  12.00000,
,,,00.000036480000,  11.80000,
,,,00.000036520000,  11.80000,
,,,00.000036560000,  12.00000,
,,,00.000036600000,  11.80000,
,,,00.000036640000,  11.80000,
,,,00.000036680000,  11.80000,
,,,00.000036720000,  12.20000,
,,,00.000036760000,  11.80000,
,,,00.000036800000,  11.80000,
,,,00.000036840000,  11.80000,
,,,00.000036880000,  11.80000,
,,,00.000036920000,  11.60000,
,,,00.000036960000,  11.80000,
,,,00.000037000000,  12.00000,
,,,00.000037040000,  11.80000,
,,,00.000037080000,  11.60000,
,,,00.000037120000,  11.80000,
,,,00.000037160000,  11.60000,
,,,00.000037200000,  11.20000,
,,,00.000037240000,  11.20000,
,,,00.000037280000,  11.20000,
,,,00.000037320000,  11.20000,
,,,00.000037360000,  11.20000,
,,,00.000037400000,  11.00000,
,,,00.000037440000,  11.00000,
,,,00.000037480000,  10.80000,
,,,00.000037520000,  10.80000,
,,,00.000037560000,  10.80000,
,,,00.000037600000,  10.60000,
,,,00.000037640000,  10.60000,
,,,00.000037680000,  10.40000,
,,,00.000037720000,  10.40000,
,,,00.000037760000,  10.20000,
,,,00.000037800000,  10.00000,
,,,00.000037840000,  10.00000,
,,,00.000037880000,  10.00000,
,,,00.000037920000,  10.00000,
,,,00.000037960000,   9.80000,
,,,00.000038000000,   9.80000,
,,,00.000038040000,   9.60000,
,,,00.000038080000,   9.40000,
,,,00.000038120000,   9.40000,
,,,00.000038160000,   9.40000,
,,,00.000038200000,   9.20000,
,,,00.000038240000,   9.00000,
,,,00.000038280000,   9.00000,
,,,00.000038320000,   9.00000,
,,,00.000038360000,   9.00000,
,,,00.000038400000,   8.80000,
,,,00.000038440000,   9.00000,
,,,00.000038480000,   8.60000,
,,,00.000038520000,   8.80000,
,,,00.000038560000,   8.60000,
,,,00.000038600000,   8.60000,
,,,00.000038640000,   8.80000,
,,,00.000038680000,   8.80000,
,,,00.000038720000,   8.40000,
,,,00.000038760000,   8.40000,
,,,00.000038800000,   8.40000,
,,,00.000038840000,   8.40000,
,,,00.000038880000,   8.20000,
,,,00.000038920000,   8.60000,
,,,00.000038960000,   8.40000,
,,,00.000039000000,   8.60000,
,,,00.000039040000,   8.40000,
,,,00.000039080000,   8.40000,
,,,00.000039120000,   8.60000,
,,,00.000039160000,   8.60000,
,,,00.000039200000,   8.60000,
,,,00.000039240000,   8.60000,
,,,00.000039280000,   8.60000,
,,,00.000039320000,   8.80000,
,,,00.000039360000,   8.80000,
,,,00.000039400000,   8.80000,
,,,00.000039440000,   8.80000,
,,,00.000039480000,   9.00000,
,,,00.000039520000,   9.00000,
,,,00.000039560000,   8.80000,
,,,00.000039600000,   9.20000,
,,,00.000039640000,   9.00000,
,,,00.000039680000,   9.20000,
,,,00.000039720000,   9.20000,
,,,00.000039760000,   9.40000,
,,,00.000039800000,   9.60000,
,,,00.000039840000,   9.60000,
,,,00.000039880000,   9.80000,
,,,00.000039920000,  10.00000,
,,,00.000039960000,   9.80000,
,,,00.000040000000,  10.00000,
,,,00.000040040000,  10.00000,
,,,00.000040080000,  10.00000,
,,,00.000040120000,  10.20000,
,,,00.000040160000,  10.40000,
,,,00.000040200000,  10.40000,
,,,00.000040240000,  10.60000,
,,,00.000040280000,  10.60000,
,,,00.000040320000,  10.60000,
,,,00.000040360000,  10.60000,
,,,00.000040400000,  11.00000,
,,,00.000040440000,  10.80000,
,,,00.000040480000,  10.80000,
,,,00.000040520000,  11.20000,
,,,00.000040560000,  11.00000,
,,,00.000040600000,  11.00000,
,,,00.000040640000,  11.00000,
,,,00.000040680000,  11.40000,
,,,00.000040720000,  11.40000,
,,,00.000040760000,  11.20000,
,,,00.000040800000,  11.40000,
,,,00.000040840000,  11.40000,
,,,00.000040880000,  11.60000,
,,,00.000040920000,  11.60000,
,,,00.000040960000,  11.60000,
,,,00.000041000000,  11.60000,
,,,00.000041040000,  11.40000,
,,,00.000041080000,  11.60000,
,,,00.000041120000,  11.60000,
,,,00.000041160000,  11.60000,
,,,00.000041200000,  11.40000,
,,,00.000041240000,  11.60000,
,,,00.000041280000,  11.60000,
,,,00.000041320000,  11.60000,
,,,00.000041360000,  11.60000,
,,,00.000041400000,  11.60000,
,,,00.000041440000,  11.60000,
,,,00.000041480000,  11.40000,
,,,00.000041520000,  11.40000,
,,,00.000041560000,  11.40000,
,,,00.000041600000,  11.20000,
,,,00.000041640000,  11.20000,
,,,00.000041680000,  11.20000,
,,,00.000041720000,  11.20000,
,,,00.000041760000,  11.20000,
,,,00.000041800000,  11.00000,
,,,00.000041840000,  11.00000,
,,,00.000041880000,  10.80000,
,,,00.000041920000,  11.00000,
,,,00.000041960000,  11.00000,
,,,00.000042000000,  10.80000,
,,,00.000042040000,  10.60000,
,,,00.000042080000,  10.60000,
,,,00.000042120000,  10.40000,
,,,00.000042160000,  10.60000,
,,,00.000042200000,  10.20000,
,,,00.000042240000,  10.20000,
,,,00.000042280000,  10.40000,
,,,00.000042320000,   9.80000,
,,,00.000042360000,  10.20000,
,,,00.000042400000,  10.00000,
,,,00.000042440000,   9.80000,
,,,00.000042480000,   9.80000,
,,,00.000042520000,   9.80000,
,,,00.000042560000,   9.60000,
,,,00.000042600000,   9.40000,
,,,00.000042640000,   9.60000,
,,,00.000042680000,   9.60000,
,,,00.000042720000,   9.40000,
,,,00.000042760000,   9.20000,
,,,00.000042800000,   9.20000,
,,,00.000042840000,   9.20000,
,,,00.000042880000,   9.00000,
,,,00.000042920000,   9.00000,
,,,00.000042960000,   9.00000,
,,,00.000043000000,   9.00000,
,,,00.000043040000,   8.80000,
,,,00.000043080000,   8.80000,
,,,00.000043120000,   8.80000,
,,,00.000043160000,   8.80000,
,,,00.000043200000,   8.80000,
,,,00.000043240000,   8.80000,
,,,00.000043280000,   8.60000,
,,,00.000043320000,   8.80000,
,,,00.000043360000,   8.80000,
,,,00.000043400000,   8.80000,
,,,00.000043440000,   8.80000,
,,,00.000043480000,   8.80000,
,,,00.000043520000,   8.60000,
,,,00.000043560000,   8.80000,
,,,00.000043600000,   8.60000,
,,,00.000043640000,   8.80000,
,,,00.000043680000,   8.80000,
,,,00.000043720000,   8.80000,
,,,00.000043760000,   9.00000,
,,,00.000043800000,   8.80000,
,,,00.000043840000,   9.20000,
,,,00.000043880000,   9.20000,
,,,00.000043920000,   9.20000,
,,,00.000043960000,   9.00000,
,,,00.000044000000,   9.20000,
,,,00.000044040000,   9.20000,
,,,00.000044080000,   9.40000,
,,,00.000044120000,   9.40000,
,,,00.000044160000,   9.40000,
,,,00.000044200000,   9.40000,
,,,00.000044240000,   9.40000,
,,,00.000044280000,   9.40000,
,,,00.000044320000,   9.80000,
,,,00.000044360000,   9.60000,
,,,00.000044400000,   9.80000,
,,,00.000044440000,  10.00000,
,,,00.000044480000,  10.00000,
,,,00.000044520000,  10.20000,
,,,00.000044560000,  10.20000,
,,,00.000044600000,  10.20000,
,,,00.000044640000,  10.20000,
,,,00.000044680000,  10.40000,
,,,00.000044720000,  10.40000,
,,,00.000044760000,  10.60000,
,,,00.000044800000,  10.40000,
,,,00.000044840000,  10.40000,
,,,00.000044880000,  10.40000,
,,,00.000044920000,  10.60000,
,,,00.000044960000,  10.80000,
,,,00.000045000000,  10.60000,
,,,00.000045040000,  10.80000,
,,,00.000045080000,  10.60000,
,,,00.000045120000,  11.00000,
,,,00.000045160000,  10.80000,
,,,00.000045200000,  11.00000,
,,,00.000045240000,  11.00000,
,,,00.000045280000,  11.00000,
,,,00.000045320000,  11.00000,
,,,00.000045360000,  11.20000,
,,,00.000045400000,  11.40000,
,,,00.000045440000,  11.20000,
,,,00.000045480000,  11.20000,
,,,00.000045520000,  11.20000,
,,,00.000045560000,  11.20000,
,,,00.000045600000,  11.40000,
,,,00.000045640000,  11.60000,
,,,00.000045680000,  11.40000,
,,,00.000045720000,  11.60000,
,,,00.000045760000,  11.40000,
,,,00.000045800000,  11.40000,
,,,00.000045840000,  11.20000,
,,,00.000045880000,  11.40000,
,,,00.000045920000,  11.20000,
,,,00.000045960000,  11.20000,
,,,00.000046000000,  11.20000,
,,,00.000046040000,  11.00000,
,,,00.000046080000,  11.00000,
,,,00.000046120000,  11.20000,
,,,00.000046160000,  11.20000,
,,,00.000046200000,  11.20000,
,,,00.000046240000,  11.00000,
,,,00.000046280000,  11.20000,
,,,00.000046320000,  10.80000,
,,,00.000046360000,  11.00000,
,,,00.000046400000,  10.80000,
,,,00.000046440000,  11.00000,
,,,00.000046480000,  10.60000,
,,,00.000046520000,  10.40000,
,,,00.000046560000,  10.60000,
,,,00.000046600000,  10.60000,
,,,00.000046640000,  10.40000,
,,,00.000046680000,  10.00000,
,,,00.000046720000,  10.40000,
,,,00.000046760000,  10.40000,
,,,00.000046800000,  10.20000,
,,,00.000046840000,  10.00000,
,,,00.000046880000,  10.00000,
,,,00.000046920000,  10.00000,
,,,00.000046960000,  10.20000,
,,,00.000047000000,   9.80000,
,,,00.000047040000,   9.80000,
,,,00.000047080000,   9.80000,
,,,00.000047120000,   9.60000,
,,,00.000047160000,   9.60000,
,,,00.000047200000,   9.60000,
,,,00.000047240000,   9.60000,
,,,00.000047280000,   9.40000,
,,,00.000047320000,   9.40000,
,,,00.000047360000,   9.40000,
,,,00.000047400000,   9.40000,
,,,00.000047440000,   9.20000,
,,,00.000047480000,   9.00000,
,,,00.000047520000,   9.20000,
,,,00.000047560000,   9.00000,
,,,00.000047600000,   9.00000,
,,,00.000047640000,   9.00000,
,,,00.000047680000,   9.00000,
,,,00.000047720000,   9.20000,
,,,00.000047760000,   9.00000,
,,,00.000047800000,   9.00000,
,,,00.000047840000,   9.00000,
,,,00.000047880000,   9.00000,
,,,00.000047920000,   9.00000,
,,,00.000047960000,   8.80000,
,,,00.000048000000,   9.00000,
,,,00.000048040000,   9.00000,
,,,00.000048080000,   9.20000,
,,,00.000048120000,   8.80000,
,,,00.000048160000,   9.00000,
,,,00.000048200000,   9.00000,
,,,00.000048240000,   9.00000,
,,,00.000048280000,   9.20000,
,,,00.000048320000,   9.00000,
,,,00.000048360000,   9.00000,
,,,00.000048400000,   9.40000,
,,,00.000048440000,   9.40000,
,,,00.000048480000,   9.20000,
,,,00.000048520000,   9.40000,
,,,00.000048560000,   9.40000,
,,,00.000048600000,   9.40000,
,,,00.000048640000,   9.20000,
,,,00.000048680000,   9.40000,
,,,00.000048720000,   9.40000,
,,,00.000048760000,   9.60000,
,,,00.000048800000,   9.80000,
,,,00.000048840000,   9.60000,
,,,00.000048880000,   9.80000,
,,,00.000048920000,   9.60000,
,,,00.000048960000,  10.00000,
,,,00.000049000000,   9.80000,
,,,00.000049040000,   9.80000,
,,,00.000049080000,  10.00000,
,,,00.000049120000,  10.00000,
,,,00.000049160000,  10.20000,
,,,00.000049200000,  10.40000,
,,,00.000049240000,  10.20000,
,,,00.000049280000,  10.20000,
,,,00.000049320000,  10.20000,
,,,00.000049360000,  10.40000,
,,,00.000049400000,  10.60000,
,,,00.000049440000,  10.60000,
,,,00.000049480000,  10.60000,
,,,00.000049520000,  10.60000,
,,,00.000049560000,  10.80000,
,,,00.000049600000,  10.80000,
,,,00.000049640000,  10.80000,
,,,00.000049680000,  10.80000,
,,,00.000049720000,  11.00000,
,,,00.000049760000,  11.00000,
,,,00.000049800000,  10.80000,
,,,00.000049840000,  10.80000,
,,,00.000049880000,  11.00000,
,,,00.000049920000,  11.00000,
,,,00.000049960000,  11.00000,
,,,00.000050000000,  11.00000,
,,,00.000050040000,  11.20000,
,,,00.000050080000,  11.00000,
,,,00.000050120000,  11.00000,
,,,00.000050160000,  11.20000,
,,,00.000050200000,  11.20000,
,,,00.000050240000,  11.20000,
,,,00.000050280000,  11.20000,
,,,00.000050320000,  11.20000,
,,,00.000050360000,  11.20000,
,,,00.000050400000,  11.20000,
,,,00.000050440000,  11.00000,
,,,00.000050480000,  11.00000,
,,,00.000050520000,  11.00000,
,,,00.000050560000,  11.00000,
,,,00.000050600000,  11.00000,
,,,00.000050640000,  10.80000,
,,,00.000050680000,  10.80000,
,,,00.000050720000,  10.80000,
,,,00.000050760000,  10.80000,
,,,00.000050800000,  10.80000,
,,,00.000050840000,  10.80000,
,,,00.000050880000,  10.80000,
,,,00.000050920000,  11.00000,
,,,00.000050960000,  10.60000,
,,,00.000051000000,  10.40000,
,,,00.000051040000,  10.60000,
,,,00.000051080000,  10.60000,
,,,00.000051120000,  10.60000,
,,,00.000051160000,  10.40000,
,,,00.000051200000,  10.20000,
,,,00.000051240000,  10.20000,
,,,00.000051280000,  10.20000,
,,,00.000051320000,  10.00000,
,,,00.000051360000,  10.20000,
,,,00.000051400000,  10.20000,
,,,00.000051440000,   9.80000,
,,,00.000051480000,  10.20000,
,,,00.000051520000,  10.00000,
,,,00.000051560000,   9.80000,
,,,00.000051600000,   9.60000,
,,,00.000051640000,   9.80000,
,,,00.000051680000,   9.60000,
,,,00.000051720000,   9.80000,
,,,00.000051760000,   9.60000,
,,,00.000051800000,   9.80000,
,,,00.000051840000,   9.60000,
,,,00.000051880000,   9.60000,
,,,00.000051920000,   9.60000,
,,,00.000051960000,   9.40000,
,,,00.000052000000,   9.40000,
,,,00.000052040000,   9.60000,
,,,00.000052080000,   9.20000,
,,,00.000052120000,   9.40000,
,,,00.000052160000,   9.20000,
,,,00.000052200000,   9.20000,
,,,00.000052240000,   9.40000,
,,,00.000052280000,   9.00000,
,,,00.000052320000,   9.00000,
,,,00.000052360000,   9.20000,
,,,00.000052400000,   9.20000,
,,,00.000052440000,   9.20000,
,,,00.000052480000,   9.20000,
,,,00.000052520000,   9.20000,
,,,00.000052560000,   9.20000,
,,,00.000052600000,   9.20000,
,,,00.000052640000,   9.40000,
,,,00.000052680000,   9.20000,
,,,00.000052720000,   9.40000,
,,,00.000052760000,   9.40000,
,,,00.000052800000,   9.20000,
,,,00.000052840000,   9.40000,
,,,00.000052880000,   9.40000,
,,,00.000052920000,   9.20000,
,,,00.000052960000,   9.40000,
,,,00.000053000000,   9.60000,
,,,00.000053040000,   9.20000,
,,,00.000053080000,   9.40000,
,,,00.000053120000,   9.60000,
,,,00.000053160000,   9.60000,
,,,00.000053200000,   9.60000,
,,,00.000053240000,   9.60000,
,,,00.000053280000,   9.40000,
,,,00.000053320000,   9.80000,
,,,00.000053360000,   9.80000,
,,,00.000053400000,   9.80000,
,,,00.000053440000,   9.80000,
,,,00.000053480000,  10.00000,
,,,00.000053520000,   9.60000,
,,,00.000053560000,  10.00000,
,,,00.000053600000,  10.00000,
,,,00.000053640000,  10.20000,
,,,00.000053680000,  10.00000,
,,,00.000053720000,  10.20000,
,,,00.000053760000,  10.40000,
,,,00.000053800000,  10.20000,
,,,00.000053840000,  10.40000,
,,,00.000053880000,  10.40000,
,,,00.000053920000,  10.40000,
,,,00.000053960000,  10.60000,
,,,00.000054000000,  10.60000,
,,,00.000054040000,  10.60000,
,,,00.000054080000,  10.40000,
,,,00.000054120000,  10.60000,
,,,00.000054160000,  10.80000,
,,,00.000054200000,  10.80000,
,,,00.000054240000,  10.60000,
,,,00.000054280000,  10.80000,
,,,00.000054320000,  10.60000,
,,,00.000054360000,  11.00000,
,,,00.000054400000,  10.80000,
,,,00.000054440000,  10.80000,
,,,00.000054480000,  11.20000,
,,,00.000054520000,  10.80000,
,,,00.000054560000,  11.00000,
,,,00.000054600000,  10.80000,
,,,00.000054640000,  11.00000,
,,,00.000054680000,  10.80000,
,,,00.000054720000,  11.00000,
,,,00.000054760000,  10.80000,
,,,00.000054800000,  10.80000,
,,,00.000054840000,  11.00000,
,,,00.000054880000,  11.20000,
,,,00.000054920000,  11.00000,
,,,00.000054960000,  10.80000,
,,,00.000055000000,  10.80000,
,,,00.000055040000,  11.00000,
,,,00.000055080000,  10.80000,
,,,00.000055120000,  10.80000,
,,,00.000055160000,  10.80000,
,,,00.000055200000,  10.80000,
,,,00.000055240000,  10.60000,
,,,00.000055280000,  10.60000,
,,,00.000055320000,  10.60000,
,,,00.000055360000,  10.40000,
,,,00.000055400000,  10.60000,
,,,00.000055440000,  10.60000,
,,,00.000055480000,  10.60000,
,,,00.000055520000,  10.60000,
,,,00.000055560000,  10.40000,
,,,00.000055600000,  10.40000,
,,,00.000055640000,  10.40000,
,,,00.000055680000,  10.20000,
,,,00.000055720000,  10.40000,
,,,00.000055760000,  10.20000,
,,,00.000055800000,  10.00000,
,,,00.000055840000,  10.20000,
,,,00.000055880000,  10.20000,
,,,00.000055920000,  10.00000,
,,,00.000055960000,  10.20000,
,,,00.000056000000,  10.00000,
,,,00.000056040000,  10.00000,
,,,00.000056080000,   9.80000,
,,,00.000056120000,  10.00000,
,,,00.000056160000,   9.80000,
,,,00.000056200000,   9.80000,
,,,00.000056240000,   9.60000,
,,,00.000056280000,   9.80000,
,,,00.000056320000,   9.60000,
,,,00.000056360000,   9.60000,
,,,00.000056400000,   9.60000,
,,,00.000056440000,   9.40000,
,,,00.000056480000,   9.60000,
,,,00.000056520000,   9.60000,
,,,00.000056560000,   9.60000,
,,,00.000056600000,   9.40000,
,,,00.000056640000,   9.60000,
,,,00.000056680000,   9.40000,
,,,00.000056720000,   9.40000,
,,,00.000056760000,   9.40000,
,,,00.000056800000,   9.40000,
,,,00.000056840000,   9.40000,
,,,00.000056880000,   9.20000,
,,,00.000056920000,   9.60000,
,,,00.000056960000,   9.40000,
,,,00.000057000000,   9.20000,
,,,00.000057040000,   9.40000,
,,,00.000057080000,   9.40000,
,,,00.000057120000,   9.40000,
,,,00.000057160000,   9.20000,
,,,00.000057200000,   9.40000,
,,,00.000057240000,   9.20000,
,,,00.000057280000,   9.40000,
,,,00.000057320000,   9.60000,
,,,00.000057360000,   9.20000,
,,,00.000057400000,   9.40000,
,,,00.000057440000,   9.40000,
,,,00.000057480000,   9.60000,
,,,00.000057520000,   9.60000,
,,,00.000057560000,   9.60000,
,,,00.000057600000,   9.60000,
,,,00.000057640000,   9.60000,
,,,00.000057680000,   9.60000,
,,,00.000057720000,   9.60000,
,,,00.000057760000,   9.60000,
,,,00.000057800000,   9.80000,
,,,00.000057840000,   9.60000,
,,,00.000057880000,   9.80000,
,,,00.000057920000,  10.00000,
,,,00.000057960000,   9.80000,
,,,00.000058000000,  10.00000,
,,,00.000058040000,   9.80000,
,,,00.000058080000,  10.20000,
,,,00.000058120000,  10.20000,
,,,00.000058160000,  10.20000,
,,,00.000058200000,  10.20000,
,,,00.000058240000,  10.20000,
,,,00.000058280000,  10.20000,
,,,00.000058320000,  10.20000,
,,,00.000058360000,  10.40000,
,,,00.000058400000,  10.20000,
,,,00.000058440000,  10.40000,
,,,00.000058480000,  10.40000,
,,,00.000058520000,  10.40000,
,,,00.000058560000,  10.20000,
,,,00.000058600000,  10.60000,
,,,00.000058640000,  10.60000,
,,,00.000058680000,  10.40000,
,,,00.000058720000,  10.40000,
,,,00.000058760000,  10.40000,
,,,00.000058800000,  10.60000,
,,,00.000058840000,  10.60000,
,,,00.000058880000,  10.80000,
,,,00.000058920000,  10.80000,
,,,00.000058960000,  11.00000,
,,,00.000059000000,  10.80000,
,,,00.000059040000,  10.60000,
,,,00.000059080000,  10.80000,
,,,00.000059120000,  10.80000,
,,,00.000059160000,  10.60000,
,,,00.000059200000,  10.80000,
,,,00.000059240000,  10.80000,
,,,00.000059280000,  11.00000,
,,,00.000059320000,  10.80000,
,,,00.000059360000,  10.60000,
,,,00.000059400000,  10.60000,
,,,00.000059440000,  11.00000,
,,,00.000059480000,  10.80000,
,,,00.000059520000,  10.80000,
,,,00.000059560000,  10.60000,
,,,00.000059600000,  10.60000,
,,,00.000059640000,  10.60000,
,,,00.000059680000,  10.80000,
,,,00.000059720000,  10.60000,
,,,00.000059760000,  10.60000,
,,,00.000059800000,  10.80000,
,,,00.000059840000,  10.60000,
,,,00.000059880000,  10.60000,
,,,00.000059920000,  10.60000,
,,,00.000059960000,  10.60000,
,,,00.000060000000,  10.40000,
,,,00.000060040000,  10.60000,
,,,00.000060080000,  10.60000,
,,,00.000060120000,  10.40000,
,,,00.000060160000,  10.40000,
,,,00.000060200000,  10.60000,
,,,00.000060240000,  10.20000,
,,,00.000060280000,  10.40000,
,,,00.000060320000,  10.20000,
,,,00.000060360000,  10.20000,
,,,00.000060400000,  10.20000,
,,,00.000060440000,  10.20000,
,,,00.000060480000,  10.20000,
,,,00.000060520000,  10.20000,
,,,00.000060560000,  10.00000,
,,,00.000060600000,  10.00000,
,,,00.000060640000,   9.80000,
,,,00.000060680000,  10.00000,
,,,00.000060720000,   9.80000,
,,,00.000060760000,  10.00000,
,,,00.000060800000,   9.80000,
,,,00.000060840000,   9.60000,
,,,00.000060880000,   9.60000,
,,,00.000060920000,   9.80000,
,,,00.000060960000,   9.60000,
,,,00.000061000000,   9.60000,
,,,00.000061040000,   9.60000,
,,,00.000061080000,   9.60000,
,,,00.000061120000,   9.60000,
,,,00.000061160000,   9.40000,
,,,00.000061200000,   9.40000,
,,,00.000061240000,   9.60000,
,,,00.000061280000,   9.40000,
,,,00.000061320000,   9.60000,
,,,00.000061360000,   9.20000,
,,,00.000061400000,   9.40000,
,,,00.000061440000,   9.40000,
,,,00.000061480000,   9.60000,
,,,00.000061520000,   9.20000,
,,,00.000061560000,   9.60000,
,,,00.000061600000,   9.60000,
,,,00.000061640000,   9.40000,
,,,00.000061680000,   9.60000,
,,,00.000061720000,   9.40000,
,,,00.000061760000,   9.40000,
,,,00.000061800000,   9.40000,
,,,00.000061840000,   9.60000,
,,,00.000061880000,   9.60000,
,,,00.000061920000,   9.60000,
,,,00.000061960000,   9.60000,
,,,00.000062000000,   9.60000,
,,,00.000062040000,   9.80000,
,,,00.000062080000,   9.80000,
,,,00.000062120000,   9.80000,
,,,00.000062160000,   9.60000,
,,,00.000062200000,   9.60000,
,,,00.000062240000,   9.80000,
,,,00.000062280000,  10.00000,
,,,00.000062320000,   9.80000,
,,,00.000062360000,   9.80000,
,,,00.000062400000,   9.80000,
,,,00.000062440000,   9.80000,
,,,00.000062480000,  10.00000,
,,,00.000062520000,   9.80000,
,,,00.000062560000,   9.80000,
,,,00.000062600000,  10.00000,
,,,00.000062640000,   9.80000,
,,,00.000062680000,  10.00000,
,,,00.000062720000,  10.20000,
,,,00.000062760000,  10.00000,
,,,00.000062800000,  10.20000,
,,,00.000062840000,  10.20000,
,,,00.000062880000,  10.20000,
,,,00.000062920000,  10.40000,
,,,00.000062960000,  10.20000,
,,,00.000063000000,  10.40000,
,,,00.000063040000,  10.20000,
,,,00.000063080000,  10.40000,
,,,00.000063120000,  10.40000,
,,,00.000063160000,  10.40000,
,,,00.000063200000,  10.40000,
,,,00.000063240000,  10.40000,
,,,00.000063280000,  10.60000,
,,,00.000063320000,  10.40000,
,,,00.000063360000,  10.60000,
,,,00.000063400000,  10.60000,
,,,00.000063440000,  10.60000,
,,,00.000063480000,  10.40000,
,,,00.000063520000,  10.60000,
,,,00.000063560000,  10.60000,
,,,00.000063600000,  10.60000,
,,,00.000063640000,  10.80000,
,,,00.000063680000,  10.60000,
,,,00.000063720000,  10.80000,
,,,00.000063760000,  10.60000,
,,,00.000063800000,  10.80000,
,,,00.000063840000,  10.60000,
,,,00.000063880000,  10.80000,
,,,00.000063920000,  10.80000,
,,,00.000063960000,  10.60000,
,,,00.000064000000,  10.80000,
,,,00.000064040000,  10.60000,
,,,00.000064080000,  10.40000,
,,,00.000064120000,  10.60000,
,,,00.000064160000,  10.60000,
,,,00.000064200000,  10.60000,
,,,00.000064240000,  10.60000,
,,,00.000064280000,  10.60000,
,,,00.000064320000,  10.60000,
,,,00.000064360000,  10.60000,
,,,00.000064400000,  10.60000,
,,,00.000064440000,  10.60000,
,,,00.000064480000,  10.40000,
,,,00.000064520000,  10.40000,
,,,00.000064560000,  10.60000,
,,,00.000064600000,  10.40000,
,,,00.000064640000,  10.20000,
,,,00.000064680000,  10.40000,
,,,00.000064720000,  10.40000,
,,,00.000064760000,  10.20000,
,,,00.000064800000,  10.40000,
,,,00.000064840000,  10.00000,
,,,00.000064880000,  10.20000,
,,,00.000064920000,  10.00000,
,,,00.000064960000,  10.00000,
,,,00.000065000000,  10.20000,
,,,00.000065040000,  10.00000,
,,,00.000065080000,  10.20000,
,,,00.000065120000,  10.00000,
,,,00.000065160000,  10.00000,
,,,00.000065200000,  10.20000,
,,,00.000065240000,  10.00000,
,,,00.000065280000,   9.80000,
,,,00.000065320000,  10.00000,
,,,00.000065360000,   9.80000,
,,,00.000065400000,   9.80000,
,,,00.000065440000,   9.80000,
,,,00.000065480000,   9.80000,
,,,00.000065520000,   9.60000,
,,,00.000065560000,   9.80000,
,,,00.000065600000,   9.60000,
,,,00.000065640000,   9.60000,
,,,00.000065680000,   9.60000,
,,,00.000065720000,   9.80000,
,,,00.000065760000,   9.60000,
,,,00.000065800000,   9.40000,
,,,00.000065840000,   9.60000,
,,,00.000065880000,   9.60000,
,,,00.000065920000,   9.60000,
,,,00.000065960000,   9.60000,
,,,00.000066000000,   9.60000,
,,,00.000066040000,   9.60000,
,,,00.000066080000,   9.80000,
,,,00.000066120000,   9.40000,
,,,00.000066160000,   9.60000,
,,,00.000066200000,   9.60000,
,,,00.000066240000,   9.40000,
,,,00.000066280000,   9.60000,
,,,00.000066320000,   9.60000,
,,,00.000066360000,   9.60000,
,,,00.000066400000,   9.80000,
,,,00.000066440000,   9.60000,
,,,00.000066480000,   9.60000,
,,,00.000066520000,   9.40000,
,,,00.000066560000,   9.60000,
,,,00.000066600000,   9.80000,
,,,00.000066640000,   9.80000,
,,,00.000066680000,  10.00000,
,,,00.000066720000,   9.80000,
,,,00.000066760000,   9.80000,
,,,00.000066800000,   9.80000,
,,,00.000066840000,   9.80000,
,,,00.000066880000,   9.80000,
,,,00.000066920000,  10.00000,
,,,00.000066960000,   9.80000,
,,,00.000067000000,  10.00000,
,,,00.000067040000,  10.00000,
,,,00.000067080000,  10.00000,
,,,00.000067120000,   9.80000,
,,,00.000067160000,  10.00000,
,,,00.000067200000,  10.00000,
,,,00.000067240000,  10.00000,
,,,00.000067280000,  10.00000,
,,,00.000067320000,  10.20000,
,,,00.000067360000,  10.20000,
,,,00.000067400000,  10.40000,
,,,00.000067440000,  10.20000,
,,,00.000067480000,  10.20000,
,,,00.000067520000,  10.20000,
,,,00.000067560000,  10.20000,
,,,00.000067600000,  10.40000,
,,,00.000067640000,  10.20000,
,,,00.000067680000,  10.40000,
,,,00.000067720000,  10.60000,
,,,00.000067760000,  10.40000,
,,,00.000067800000,  10.40000,
,,,00.000067840000,  10.60000,
,,,00.000067880000,  10.60000,
,,,00.000067920000,  10.60000,
,,,00.000067960000,  10.80000,
,,,00.000068000000,  10.60000,
,,,00.000068040000,  10.40000,
,,,00.000068080000,  10.60000,
,,,00.000068120000,  10.60000,
,,,00.000068160000,  10.40000,
,,,00.000068200000,  10.60000,
,,,00.000068240000,  10.60000,
,,,00.000068280000,  10.60000,
,,,00.000068320000,  10.60000,
,,,00.000068360000,  10.60000,
,,,00.000068400000,  10.60000,
,,,00.000068440000,  10.80000,
,,,00.000068480000,  10.60000,
,,,00.000068520000,  10.60000,
,,,00.000068560000,  10.60000,
,,,00.000068600000,  10.60000,
,,,00.000068640000,  10.40000,
,,,00.000068680000,  10.40000,
,,,00.000068720000,  10.40000,
,,,00.000068760000,  10.20000,
,,,00.000068800000,  10.60000,
,,,00.000068840000,  10.40000,
,,,00.000068880000,  10.40000,
,,,00.000068920000,  10.40000,
,,,00.000068960000,  10.20000,
,,,00.000069000000,  10.20000,
,,,00.000069040000,  10.40000,
,,,00.000069080000,  10.20000,
,,,00.000069120000,  10.20000,
,,,00.000069160000,  10.40000,
,,,00.000069200000,  10.40000,
,,,00.000069240000,  10.20000,
,,,00.000069280000,  10.20000,
,,,00.000069320000,  10.40000,
,,,00.000069360000,  10.20000,
,,,00.000069400000,  10.40000,
,,,00.000069440000,  10.20000,
,,,00.000069480000,  10.00000,
,,,00.000069520000,  10.00000,
,,,00.000069560000,  10.00000,
,,,00.000069600000,   9.80000,
,,,00.000069640000,  10.00000,
,,,00.000069680000,  10.20000,
,,,00.000069720000,   9.80000,
,,,00.000069760000,  10.00000,
,,,00.000069800000,   9.80000,
,,,00.000069840000,  10.00000,
,,,00.000069880000,   9.80000,
,,,00.000069920000,   9.80000,
,,,00.000069960000,  10.00000,
,,,00.000070000000,  10.00000,
,,,00.000070040000,   9.80000,
,,,00.000070080000,   9.80000,
,,,00.000070120000,   9.80000,
,,,00.000070160000,   9.60000,
,,,00.000070200000,   9.80000,
,,,00.000070240000,   9.80000,
,,,00.000070280000,   9.80000,
,,,00.000070320000,   9.60000,
,,,00.000070360000,   9.60000,
,,,00.000070400000,   9.60000,
,,,00.000070440000,   9.60000,
,,,00.000070480000,   9.40000,
,,,00.000070520000,   9.80000,
,,,00.000070560000,   9.60000,
,,,00.000070600000,   9.60000,
,,,00.000070640000,   9.60000,
,,,00.000070680000,   9.60000,
,,,00.000070720000,   9.80000,
,,,00.000070760000,   9.60000,
,,,00.000070800000,   9.80000,
,,,00.000070840000,   9.80000,
,,,00.000070880000,   9.60000,
,,,00.000070920000,   9.80000,
,,,00.000070960000,   9.60000,
,,,00.000071000000,   9.60000,
,,,00.000071040000,   9.80000,
,,,00.000071080000,   9.80000,
,,,00.000071120000,   9.80000,
,,,00.000071160000,   9.80000,
,,,00.000071200000,   9.80000,
,,,00.000071240000,   9.80000,
,,,00.000071280000,   9.80000,
,,,00.000071320000,   9.80000,
,,,00.000071360000,   9.80000,
,,,00.000071400000,   9.60000,
,,,00.000071440000,  10.00000,
,,,00.000071480000,  10.00000,
,,,00.000071520000,  10.00000,
,,,00.000071560000,  10.00000,
,,,00.000071600000,  10.20000,
,,,00.000071640000,  10.00000,
,,,00.000071680000,  10.20000,
,,,00.000071720000,  10.40000,
,,,00.000071760000,  10.20000,
,,,00.000071800000,  10.00000,
,,,00.000071840000,  10.20000,
,,,00.000071880000,  10.20000,
,,,00.000071920000,  10.20000,
,,,00.000071960000,  10.20000,
,,,00.000072000000,  10.20000,
,,,00.000072040000,  10.40000,
,,,00.000072080000,  10.20000,
,,,00.000072120000,  10.20000,
,,,00.000072160000,  10.20000,
,,,00.000072200000,  10.40000,
,,,00.000072240000,  10.40000,
,,,00.000072280000,  10.20000,
,,,00.000072320000,  10.40000,
,,,00.000072360000,  10.20000,
,,,00.000072400000,  10.40000,
,,,00.000072440000,  10.40000,
,,,00.000072480000,  10.60000,
,,,00.000072520000,  10.40000,
,,,00.000072560000,  10.60000,
,,,00.000072600000,  10.60000,
,,,00.000072640000,  10.40000,
,,,00.000072680000,  10.40000,
,,,00.000072720000,  10.40000,
,,,00.000072760000,  10.40000,
,,,00.000072800000,  10.40000,
,,,00.000072840000,  10.60000,
,,,00.000072880000,  10.60000,
,,,00.000072920000,  10.40000,
,,,00.000072960000,  10.60000,
,,,00.000073000000,  10.40000,
,,,00.000073040000,  10.40000,
,,,00.000073080000,  10.40000,
,,,00.000073120000,  10.40000,
,,,00.000073160000,  10.60000,
,,,00.000073200000,  10.40000,
,,,00.000073240000,  10.40000,
,,,00.000073280000,  10.40000,
,,,00.000073320000,  10.20000,
,,,00.000073360000,  10.60000,
,,,00.000073400000,  10.40000,
,,,00.000073440000,  10.40000,
,,,00.000073480000,  10.40000,
,,,00.000073520000,  10.40000,
,,,00.000073560000,  10.40000,
,,,00.000073600000,  10.40000,
,,,00.000073640000,  10.20000,
,,,00.000073680000,  10.20000,
,,,00.000073720000,  10.40000,
,,,00.000073760000,  10.20000,
,,,00.000073800000,  10.00000,
,,,00.000073840000,  10.00000,
,,,00.000073880000,  10.00000,
,,,00.000073920000,  10.20000,
,,,00.000073960000,  10.20000,
,,,00.000074000000,  10.00000,
,,,00.000074040000,  10.00000,
,,,00.000074080000,  10.00000,
,,,00.000074120000,  10.00000,
,,,00.000074160000,  10.00000,
,,,00.000074200000,  10.20000,
,,,00.000074240000,  10.00000,
,,,00.000074280000,   9.80000,
,,,00.000074320000,  10.00000,
,,,00.000074360000,   9.80000,
,,,00.000074400000,  10.00000,
,,,00.000074440000,   9.80000,
,,,00.000074480000,   9.80000,
,,,00.000074520000,   9.80000,
,,,00.000074560000,   9.80000,
,,,00.000074600000,   9.80000,
,,,00.000074640000,   9.60000,
,,,00.000074680000,  10.00000,
,,,00.000074720000,   9.60000,
,,,00.000074760000,  10.00000,
,,,00.000074800000,   9.80000,
,,,00.000074840000,   9.80000,
,,,00.000074880000,   9.60000,
,,,00.000074920000,   9.60000,
,,,00.000074960000,   9.80000,
,,,00.000075000000,   9.60000,
,,,00.000075040000,   9.60000,
,,,00.000075080000,   9.80000,
,,,00.000075120000,   9.60000,
,,,00.000075160000,   9.60000,
,,,00.000075200000,   9.60000,
,,,00.000075240000,   9.80000,
,,,00.000075280000,   9.80000,
,,,00.000075320000,   9.60000,
,,,00.000075360000,   9.60000,
,,,00.000075400000,   9.80000,
,,,00.000075440000,   9.60000,
,,,00.000075480000,   9.80000,
,,,00.000075520000,   9.80000,
,,,00.000075560000,  10.00000,
,,,00.000075600000,   9.80000,
,,,00.000075640000,   9.60000,
,,,00.000075680000,   9.80000,
,,,00.000075720000,   9.80000,
,,,00.000075760000,   9.60000,
,,,00.000075800000,   9.80000,
,,,00.000075840000,   9.80000,
,,,00.000075880000,   9.80000,
,,,00.000075920000,  10.00000,
,,,00.000075960000,  10.00000,
,,,00.000076000000,  10.00000,
,,,00.000076040000,   9.80000,
,,,00.000076080000,   9.80000,
,,,00.000076120000,  10.00000,
,,,00.000076160000,   9.80000,
,,,00.000076200000,  10.00000,
,,,00.000076240000,  10.00000,
,,,00.000076280000,  10.20000,
,,,00.000076320000,  10.20000,
,,,00.000076360000,  10.40000,
,,,00.000076400000,  10.00000,
,,,00.000076440000,  10.20000,
,,,00.000076480000,  10.20000,
,,,00.000076520000,  10.20000,
,,,00.000076560000,  10.20000,
,,,00.000076600000,  10.20000,
,,,00.000076640000,  10.20000,
,,,00.000076680000,  10.20000,
,,,00.000076720000,  10.20000,
,,,00.000076760000,  10.00000,
,,,00.000076800000,  10.40000,
,,,00.000076840000,  10.40000,
,,,00.000076880000,  10.40000,
,,,00.000076920000,  10.20000,
,,,00.000076960000,  10.40000,
,,,00.000077000000,  10.20000,
,,,00.000077040000,  10.60000,
,,,00.000077080000,  10.40000,
,,,00.000077120000,  10.40000,
,,,00.000077160000,  10.40000,
,,,00.000077200000,  10.60000,
,,,00.000077240000,  10.60000,
,,,00.000077280000,  10.40000,
,,,00.000077320000,  10.60000,
,,,00.000077360000,  10.20000,
,,,00.000077400000,  10.40000,
,,,00.000077440000,  10.60000,
,,,00.000077480000,  10.40000,
,,,00.000077520000,  10.40000,
,,,00.000077560000,  10.40000,
,,,00.000077600000,  10.60000,
,,,00.000077640000,  10.20000,
,,,00.000077680000,  10.40000,
,,,00.000077720000,  10.40000,
,,,00.000077760000,  10.40000,
,,,00.000077800000,  10.40000,
,,,00.000077840000,  10.40000,
,,,00.000077880000,  10.40000,
,,,00.000077920000,  10.20000,
,,,00.000077960000,  10.60000,
,,,00.000078000000,  10.20000,
,,,00.000078040000,  10.40000,
,,,00.000078080000,  10.40000,
,,,00.000078120000,  10.20000,
,,,00.000078160000,  10.20000,
,,,00.000078200000,  10.20000,
,,,00.000078240000,  10.20000,
,,,00.000078280000,  10.40000,
,,,00.000078320000,  10.20000,
,,,00.000078360000,  10.20000,
,,,00.000078400000,  10.00000,
,,,00.000078440000,  10.20000,
,,,00.000078480000,  10.00000,
,,,00.000078520000,  10.00000,
,,,00.000078560000,  10.00000,
,,,00.000078600000,  10.00000,
,,,00.000078640000,  10.00000,
,,,00.000078680000,  10.20000,
,,,00.000078720000,  10.00000,
,,,00.000078760000,  10.00000,
,,,00.000078800000,  10.00000,
,,,00.000078840000,   9.80000,
,,,00.000078880000,  10.00000,
,,,00.000078920000,   9.80000,
,,,00.000078960000,  10.00000,
,,,00.000079000000,  10.00000,
,,,00.000079040000,  10.00000,
,,,00.000079080000,  10.00000,
,,,00.000079120000,   9.80000,
,,,00.000079160000,   9.80000,
,,,00.000079200000,  10.00000,
,,,00.000079240000,   9.80000,
,,,00.000079280000,   9.80000,
,,,00.000079320000,   9.80000,
,,,00.000079360000,   9.80000,
,,,00.000079400000,   9.60000,
,,,00.000079440000,   9.80000,
,,,00.000079480000,   9.80000,
,,,00.000079520000,   9.80000,
,,,00.000079560000,   9.80000,
,,,00.000079600000,   9.60000,
,,,00.000079640000,   9.60000,
,,,00.000079680000,   9.80000,
,,,00.000079720000,   9.60000,
,,,00.000079760000,  10.00000,
,,,00.000079800000,   9.60000,
,,,00.000079840000,   9.60000,
,,,00.000079880000,   9.80000,
,,,00.000079920000,   9.80000,
,,,00.000079960000,  10.00000,
,,,00.000080000000,   9.60000,
,,,00.000080040000,   9.80000,
,,,00.000080080000,  10.00000,
,,,00.000080120000,   9.80000,
,,,00.000080160000,  10.00000,
,,,00.000080200000,   9.80000,
,,,00.000080240000,  10.20000,
,,,00.000080280000,  10.00000,
,,,00.000080320000,  10.00000,
,,,00.000080360000,  10.00000,
,,,00.000080400000,  10.00000,
,,,00.000080440000,  10.00000,
,,,00.000080480000,  10.00000,
,,,00.000080520000,  10.00000,
,,,00.000080560000,  10.00000,
,,,00.000080600000,  10.00000,
,,,00.000080640000,  10.00000,
,,,00.000080680000,  10.00000,
,,,00.000080720000,  10.00000,
,,,00.000080760000,   9.80000,
,,,00.000080800000,  10.20000,
,,,00.000080840000,  10.20000,
,,,00.000080880000,   9.80000,
,,,00.000080920000,  10.00000,
,,,00.000080960000,  10.00000,
,,,00.000081000000,  10.00000,
,,,00.000081040000,  10.40000,
,,,00.000081080000,  10.40000,
,,,00.000081120000,  10.20000,
,,,00.000081160000,  10.20000,
,,,00.000081200000,  10.20000,
,,,00.000081240000,  10.20000,
,,,00.000081280000,  10.20000,
,,,00.000081320000,  10.20000,
,,,00.000081360000,  10.20000,
,,,00.000081400000,  10.20000,
,,,00.000081440000,  10.20000,
,,,00.000081480000,  10.20000,
,,,00.000081520000,  10.40000,
,,,00.000081560000,  10.40000,
,,,00.000081600000,  10.40000,
,,,00.000081640000,  10.20000,
,,,00.000081680000,  10.20000,
,,,00.000081720000,  10.20000,
,,,00.000081760000,  10.40000,
,,,00.000081800000,  10.40000,
,,,00.000081840000,  10.40000,
,,,00.000081880000,  10.40000,
,,,00.000081920000,  10.20000,
,,,00.000081960000,  10.40000,
,,,00.000082000000,  10.40000,
,,,00.000082040000,  10.40000,
,,,00.000082080000,  10.40000,
,,,00.000082120000,  10.40000,
,,,00.000082160000,  10.40000,
,,,00.000082200000,  10.40000,
,,,00.000082240000,  10.20000,
,,,00.000082280000,  10.40000,
,,,00.000082320000,  10.20000,
,,,00.000082360000,  10.40000,
,,,00.000082400000,  10.40000,
,,,00.000082440000,  10.40000,
,,,00.000082480000,  10.40000,
,,,00.000082520000,  10.40000,
,,,00.000082560000,  10.20000,
,,,00.000082600000,  10.20000,
,,,00.000082640000,  10.40000,
,,,00.000082680000,  10.20000,
,,,00.000082720000,  10.40000,
,,,00.000082760000,  10.20000,
,,,00.000082800000,  10.20000,
,,,00.000082840000,  10.00000,
,,,00.000082880000,  10.00000,
,,,00.000082920000,  10.00000,
,,,00.000082960000,  10.00000,
,,,00.000083000000,  10.20000,
,,,00.000083040000,  10.00000,
,,,00.000083080000,  10.20000,
,,,00.000083120000,  10.00000,
,,,00.000083160000,  10.20000,
,,,00.000083200000,  10.00000,
,,,00.000083240000,  10.20000,
,,,00.000083280000,  10.00000,
,,,00.000083320000,  10.00000,
,,,00.000083360000,   9.80000,
,,,00.000083400000,  10.00000,
,,,00.000083440000,  10.00000,
,,,00.000083480000,  10.00000,
,,,00.000083520000,  10.00000,
,,,00.000083560000,  10.00000,
,,,00.000083600000,  10.00000,
,,,00.000083640000,   9.80000,
,,,00.000083680000,   9.80000,
,,,00.000083720000,  10.00000,
,,,00.000083760000,   9.80000,
,,,00.000083800000,   9.80000,
,,,00.000083840000,  10.00000,
,,,00.000083880000,   9.80000,
,,,00.000083920000,   9.80000,
,,,00.000083960000,   9.80000,
,,,00.000084000000,   9.60000,
,,,00.000084040000,   9.80000,
,,,00.000084080000,  10.00000,
,,,00.000084120000,   9.80000,
,,,00.000084160000,   9.80000,
,,,00.000084200000,   9.60000,
,,,00.000084240000,   9.80000,
,,,00.000084280000,  10.00000,
,,,00.000084320000,   9.80000,
,,,00.000084360000,   9.80000,
,,,00.000084400000,   9.80000,
,,,00.000084440000,  10.00000,
,,,00.000084480000,  10.00000,
,,,00.000084520000,  10.00000,
,,,00.000084560000,  10.00000,
,,,00.000084600000,  10.00000,
,,,00.000084640000,   9.80000,
,,,00.000084680000,   9.80000,
,,,00.000084720000,   9.80000,
,,,00.000084760000,  10.00000,
,,,00.000084800000,   9.80000,
,,,00.000084840000,  10.00000,
,,,00.000084880000,   9.80000,
,,,00.000084920000,  10.00000,
,,,00.000084960000,  10.00000,
,,,00.000085000000,  10.20000,
,,,00.000085040000,  10.00000,
,,,00.000085080000,  10.00000,
,,,00.000085120000,  10.00000,
,,,00.000085160000,  10.00000,
,,,00.000085200000,  10.00000,
,,,00.000085240000,  10.20000,
,,,00.000085280000,  10.20000,
,,,00.000085320000,  10.00000,
,,,00.000085360000,  10.00000,
,,,00.000085400000,  10.00000,
,,,00.000085440000,  10.00000,
,,,00.000085480000,  10.20000,
,,,00.000085520000,  10.00000,
,,,00.000085560000,  10.20000,
,,,00.000085600000,  10.20000,
,,,00.000085640000,  10.00000,
,,,00.000085680000,  10.00000,
,,,00.000085720000,  10.20000,
,,,00.000085760000,  10.00000,
,,,00.000085800000,  10.40000,
,,,00.000085840000,  10.20000,
,,,00.000085880000,  10.40000,
,,,00.000085920000,  10.20000,
,,,00.000085960000,  10.40000,
,,,00.000086000000,  10.00000,
,,,00.000086040000,  10.20000,
,,,00.000086080000,  10.20000,
,,,00.000086120000,  10.20000,
,,,00.000086160000,  10.20000,
,,,00.000086200000,  10.20000,
,,,00.000086240000,  10.40000,
,,,00.000086280000,  10.20000,
,,,00.000086320000,  10.40000,
,,,00.000086360000,  10.40000,
,,,00.000086400000,  10.20000,
,,,00.000086440000,  10.40000,
,,,00.000086480000,  10.20000,
,,,00.000086520000,  10.20000,
,,,00.000086560000,  10.40000,
,,,00.000086600000,  10.40000,
,,,00.000086640000,  10.20000,
,,,00.000086680000,  10.60000,
,,,00.000086720000,  10.40000,
,,,00.000086760000,  10.20000,
,,,00.000086800000,  10.40000,
,,,00.000086840000,  10.40000,
,,,00.000086880000,  10.20000,
,,,00.000086920000,  10.20000,
,,,00.000086960000,  10.20000,
,,,00.000087000000,  10.20000,
,,,00.000087040000,  10.40000,
,,,00.000087080000,  10.20000,
,,,00.000087120000,  10.40000,
,,,00.000087160000,  10.20000,
,,,00.000087200000,  10.20000,
,,,00.000087240000,  10.20000,
,,,00.000087280000,  10.20000,
,,,00.000087320000,  10.20000,
,,,00.000087360000,  10.20000,
,,,00.000087400000,  10.20000,
,,,00.000087440000,  10.20000,
,,,00.000087480000,  10.20000,
,,,00.000087520000,  10.00000,
,,,00.000087560000,  10.20000,
,,,00.000087600000,  10.00000,
,,,00.000087640000,  10.00000,
,,,00.000087680000,  10.00000,
,,,00.000087720000,  10.00000,
,,,00.000087760000,  10.20000,
,,,00.000087800000,  10.00000,
,,,00.000087840000,  10.00000,
,,,00.000087880000,  10.20000,
,,,00.000087920000,  10.00000,
,,,00.000087960000,   9.80000,
,,,00.000088000000,  10.00000,
,,,00.000088040000,  10.00000,
,,,00.000088080000,  10.00000,
,,,00.000088120000,   9.80000,
,,,00.000088160000,  10.00000,
,,,00.000088200000,  10.00000,
,,,00.000088240000,   9.80000,
,,,00.000088280000,   9.80000,
,,,00.000088320000,  10.00000,
,,,00.000088360000,  10.00000,
,,,00.000088400000,  10.00000,
,,,00.000088440000,  10.00000,
,,,00.000088480000,  10.00000,
,,,00.000088520000,  10.00000,
,,,00.000088560000,  10.00000,
,,,00.000088600000,  10.00000,
,,,00.000088640000,   9.80000,
,,,00.000088680000,   9.80000,
,,,00.000088720000,   9.80000,
,,,00.000088760000,  10.00000,
,,,00.000088800000,  10.00000,
,,,00.000088840000,  10.00000,
,,,00.000088880000,   9.80000,
,,,00.000088920000,   9.80000,
,,,00.000088960000,   9.80000,
,,,00.000089000000,  10.20000,
,,,00.000089040000,  10.00000,
,,,00.000089080000,  10.20000,
,,,00.000089120000,  10.00000,
,,,00.000089160000,   9.80000,
,,,00.000089200000,  10.20000,
,,,00.000089240000,   9.80000,
,,,00.000089280000,  10.00000,
,,,00.000089320000,  10.00000,
,,,00.000089360000,  10.00000,
,,,00.000089400000,   9.80000,
,,,00.000089440000,  10.00000,
,,,00.000089480000,  10.20000,
,,,00.000089520000,  10.00000,
,,,00.000089560000,  10.00000,
,,,00.000089600000,  10.20000,
,,,00.000089640000,  10.00000,
,,,00.000089680000,  10.00000,
,,,00.000089720000,  10.00000,
,,,00.000089760000,  10.20000,
,,,00.000089800000,  10.20000,
,,,00.000089840000,  10.00000,
,,,00.000089880000,  10.00000,
,,,00.000089920000,  10.20000,
,,,00.000089960000,  10.20000,
,,,00.000090000000,  10.20000,
,,,00.000090040000,  10.20000,
,,,00.000090080000,  10.00000,
,,,00.000090120000,  10.00000,
,,,00.000090160000,  10.00000,
,,,00.000090200000,  10.00000,
,,,00.000090240000,  10.00000,
,,,00.000090280000,  10.20000,
,,,00.000090320000,  10.20000,
,,,00.000090360000,  10.20000,
,,,00.000090400000,  10.00000,
,,,00.000090440000,  10.20000,
,,,00.000090480000,  10.40000,
,,,00.000090520000,  10.40000,
,,,00.000090560000,  10.20000,
,,,00.000090600000,  10.20000,
,,,00.000090640000,  10.40000,
,,,00.000090680000,  10.20000,
,,,00.000090720000,  10.40000,
,,,00.000090760000,  10.00000,
,,,00.000090800000,  10.40000,
,,,00.000090840000,  10.40000,
,,,00.000090880000,  10.20000,
,,,00.000090920000,  10.20000,
,,,00.000090960000,  10.20000,
,,,00.000091000000,  10.40000,
,,,00.000091040000,  10.20000,
,,,00.000091080000,  10.20000,
,,,00.000091120000,  10.20000,
,,,00.000091160000,  10.20000,
,,,00.000091200000,  10.40000,
,,,00.000091240000,  10.20000,
,,,00.000091280000,  10.20000,
,,,00.000091320000,  10.20000,
,,,00.000091360000,  10.40000,
,,,00.000091400000,  10.00000,
,,,00.000091440000,  10.20000,
,,,00.000091480000,  10.20000,
,,,00.000091520000,  10.20000,
,,,00.000091560000,  10.20000,
,,,00.000091600000,  10.20000,
,,,00.000091640000,  10.20000,
,,,00.000091680000,  10.20000,
,,,00.000091720000,  10.20000,
,,,00.000091760000,  10.20000,
,,,00.000091800000,  10.20000,
,,,00.000091840000,  10.00000,
,,,00.000091880000,  10.20000,
,,,00.000091920000,  10.00000,
,,,00.000091960000,  10.20000,
,,,00.000092000000,  10.20000,
,,,00.000092040000,  10.20000,
,,,00.000092080000,  10.20000,
,,,00.000092120000,  10.00000,
,,,00.000092160000,  10.20000,
,,,00.000092200000,  10.20000,
,,,00.000092240000,  10.20000,
,,,00.000092280000,  10.00000,
,,,00.000092320000,  10.00000,
,,,00.000092360000,  10.00000,
,,,00.000092400000,  10.00000,
,,,00.000092440000,  10.00000,
,,,00.000092480000,  10.00000,
,,,00.000092520000,  10.00000,
,,,00.000092560000,  10.00000,
,,,00.000092600000,  10.00000,
,,,00.000092640000,   9.80000,
,,,00.000092680000,  10.00000,
,,,00.000092720000,  10.00000,
,,,00.000092760000,   9.80000,
,,,00.000092800000,  10.00000,
,,,00.000092840000,   9.80000,
,,,00.000092880000,   9.80000,
,,,00.000092920000,  10.00000,
,,,00.000092960000,  10.00000,
,,,00.000093000000,   9.80000,
,,,00.000093040000,   9.60000,
,,,00.000093080000,  10.00000,
,,,00.000093120000,   9.80000,
,,,00.000093160000,  10.20000,
,,,00.000093200000,   9.80000,
,,,00.000093240000,  10.00000,
,,,00.000093280000,  10.00000,
,,,00.000093320000,   9.80000,
,,,00.000093360000,   9.80000,
,,,00.000093400000,   9.80000,
,,,00.000093440000,  10.00000,
,,,00.000093480000,  10.00000,
,,,00.000093520000,  10.00000,
,,,00.000093560000,  10.00000,
,,,00.000093600000,  10.00000,
,,,00.000093640000,  10.00000,
,,,00.000093680000,  10.00000,
,,,00.000093720000,  10.00000,
,,,00.000093760000,  10.00000,
,,,00.000093800000,  10.00000,
,,,00.000093840000,  10.20000,
,,,00.000093880000,  10.00000,
,,,00.000093920000,   9.80000,
,,,00.000093960000,  10.00000,
,,,00.000094000000,  10.00000,
,,,00.000094040000,  10.00000,
,,,00.000094080000,  10.00000,
,,,00.000094120000,  10.00000,
,,,00.000094160000,  10.00000,
,,,00.000094200000,  10.00000,
,,,00.000094240000,  10.00000,
,,,00.000094280000,  10.20000,
,,,00.000094320000,  10.00000,
,,,00.000094360000,  10.20000,
,,,00.000094400000,  10.00000,
,,,00.000094440000,  10.00000,
,,,00.000094480000,  10.20000,
,,,00.000094520000,  10.20000,
,,,00.000094560000,  10.00000,
,,,00.000094600000,  10.20000,
,,,00.000094640000,  10.20000,
,,,00.000094680000,  10.00000,
,,,00.000094720000,  10.20000,
,,,00.000094760000,  10.20000,
,,,00.000094800000,  10.20000,
,,,00.000094840000,  10.00000,
,,,00.000094880000,  10.00000,
,,,00.000094920000,  10.20000,
,,,00.000094960000,  10.40000,
,,,00.000095000000,  10.20000,
,,,00.000095040000,  10.20000,
,,,00.000095080000,  10.20000,
,,,00.000095120000,  10.20000,
,,,00.000095160000,  10.20000,
,,,00.000095200000,  10.20000,
,,,00.000095240000,  10.20000,
,,,00.000095280000,  10.20000,
,,,00.000095320000,  10.20000,
,,,00.000095360000,  10.20000,
,,,00.000095400000,  10.20000,
,,,00.000095440000,  10.20000,
,,,00.000095480000,  10.40000,
,,,00.000095520000,  10.00000,
,,,00.000095560000,  10.40000,
,,,00.000095600000,  10.40000,
,,,00.000095640000,  10.20000,
,,,00.000095680000,  10.40000,
,,,00.000095720000,  10.20000,
,,,00.000095760000,  10.20000,
,,,00.000095800000,  10.20000,
,,,00.000095840000,  10.20000,
,,,00.000095880000,  10.20000,
,,,00.000095920000,  10.20000,
,,,00.000095960000,  10.20000,
,,,00.000096000000,  10.20000,
,,,00.000096040000,  10.20000,
,,,00.000096080000,  10.20000,
,,,00.000096120000,  10.20000,
,,,00.000096160000,  10.20000,
,,,00.000096200000,  10.20000,
,,,00.000096240000,  10.40000,
,,,00.000096280000,  10.20000,
,,,00.000096320000,  10.00000,
,,,00.000096360000,  10.00000,
,,,00.000096400000,  10.20000,
,,,00.000096440000,  10.20000,
,,,00.000096480000,  10.20000,
,,,00.000096520000,  10.00000,
,,,00.000096560000,   9.80000,
,,,00.000096600000,   9.80000,
,,,00.000096640000,  10.20000,
,,,00.000096680000,  10.20000,
,,,00.000096720000,   9.80000,
,,,00.000096760000,  10.00000,
,,,00.000096800000,  10.00000,
,,,00.000096840000,  10.00000,
,,,00.000096880000,  10.00000,
,,,00.000096920000,  10.20000,
,,,00.000096960000,  10.20000,
,,,00.000097000000,  10.00000,
,,,00.000097040000,  10.00000,
,,,00.000097080000,  10.00000,
,,,00.000097120000,  10.00000,
,,,00.000097160000,  10.20000,
,,,00.000097200000,  10.00000,
,,,00.000097240000,   9.80000,
,,,00.000097280000,  10.00000,
,,,00.000097320000,  10.00000,
,,,00.000097360000,  10.00000,
,,,00.000097400000,  10.00000,
,,,00.000097440000,   9.80000,
,,,00.000097480000,  10.00000,
,,,00.000097520000,  10.00000,
,,,00.000097560000,   9.80000,
,,,00.000097600000,  10.00000,
,,,00.000097640000,  10.00000,
,,,00.000097680000,  10.00000,
,,,00.000097720000,   9.80000,
,,,00.000097760000,   9.80000,
,,,00.000097800000,  10.00000,
,,,00.000097840000,  10.00000,
,,,00.000097880000,  10.00000,
,,,00.000097920000,   9.80000,
,,,00.000097960000,  10.20000,
